icao,state,verdict,would_deliver,would_deliver_provider,would_deliver_resolution_m,rungs
KMCF,Florida,HOLDER,1/9 arc-second,USGS3DEP,3.0,1 meter [USGS3DEP] below-threshold 16% > 1/9 arc-second [USGS3DEP] delivered 100% > 1/3 arc-second [USGS3DEP] delivered 100%
KTPA,Florida,HOLDER,1/9 arc-second,USGS3DEP,3.0,1 meter [USGS3DEP] no-coverage 0% > 1/9 arc-second [USGS3DEP] delivered 100% > 1/3 arc-second [USGS3DEP] delivered 100%
KGRK,Texas,HOLDER,1/9 arc-second,USGS3DEP,3.0,1 meter [USGS3DEP] no-coverage 0% > 1/9 arc-second [USGS3DEP] delivered 100% > 1/3 arc-second [USGS3DEP] delivered 100%
KGSO,North Carolina,HOLDER,1/9 arc-second,USGS3DEP,3.0,1 meter [USGS3DEP] no-coverage 0% > 1/9 arc-second [USGS3DEP] delivered 100% > 1/3 arc-second [USGS3DEP] delivered 100%
KRDU,North Carolina,HOLDER,1/9 arc-second,USGS3DEP,3.0,1 meter [USGS3DEP] no-coverage 0% > 1/9 arc-second [USGS3DEP] delivered 100% > 1/3 arc-second [USGS3DEP] delivered 100%
KHDN,Colorado,HOLDER,1/3 arc-second,USGS3DEP,10.0,1 meter [USGS3DEP] no-coverage 0% > 1/9 arc-second [USGS3DEP] no-coverage 0% > 1/3 arc-second [USGS3DEP] delivered 100%
KASE,Colorado,HOLDER,Pitkin County 2016 lidar,PITKIN1M,1.0,1 meter [USGS3DEP] no-coverage 0% > Pitkin County 2016 lidar [PITKIN1M] delivered 100% > 1/9 arc-second [USGS3DEP] no-coverage 0% > 1/3 arc-second [USGS3DEP] delivered 100%
KEUG,Oregon,HOLDER,1/9 arc-second,USGS3DEP,3.0,1 meter [USGS3DEP] no-coverage 0% > 1/9 arc-second [USGS3DEP] delivered 100% > 1/3 arc-second [USGS3DEP] delivered 100%
KNUW,Washington,HOLDER,1/9 arc-second,USGS3DEP,3.0,1 meter [USGS3DEP] no-coverage 0% > 1/9 arc-second [USGS3DEP] delivered 100% > 1/3 arc-second [USGS3DEP] delivered 100%
KFAY,North Carolina,HOLDER,1/9 arc-second,USGS3DEP,3.0,1 meter [USGS3DEP] no-coverage 0% > 1/9 arc-second [USGS3DEP] delivered 100% > 1/3 arc-second [USGS3DEP] delivered 100%
KPOB,North Carolina,HOLDER,1/9 arc-second,USGS3DEP,3.0,1 meter [USGS3DEP] no-coverage 0% > 1/9 arc-second [USGS3DEP] delivered 100% > 1/3 arc-second [USGS3DEP] delivered 100%
PAKT,Alaska,HOLDER,1/3 arc-second,USGS3DEP,10.0,1 meter [USGS3DEP] no-coverage 0% > 1/9 arc-second [USGS3DEP] no-coverage 0% > 1/3 arc-second [USGS3DEP] delivered 100%
KACT,Texas,HOLDER,1/9 arc-second,USGS3DEP,3.0,1 meter [USGS3DEP] below-threshold 12% > 1/9 arc-second [USGS3DEP] delivered 100% > 1/3 arc-second [USGS3DEP] delivered 100%
KTPL,Texas,HOLDER,1/9 arc-second,USGS3DEP,3.0,1 meter [USGS3DEP] no-coverage 0% > 1/9 arc-second [USGS3DEP] delivered 100% > 1/3 arc-second [USGS3DEP] delivered 100%
PAHO,Alaska,HOLDER,1/9 arc-second,USGS3DEP,3.0,1 meter [USGS3DEP] no-coverage 0% > 1/9 arc-second [USGS3DEP] delivered 100% > 1/3 arc-second [USGS3DEP] delivered 100%
KTTA,North Carolina,HOLDER,1/9 arc-second,USGS3DEP,3.0,1 meter [USGS3DEP] no-coverage 0% > 1/9 arc-second [USGS3DEP] delivered 100% > 1/3 arc-second [USGS3DEP] delivered 100%
KSOP,North Carolina,HOLDER,1/9 arc-second,USGS3DEP,3.0,1 meter [USGS3DEP] no-coverage 0% > 1/9 arc-second [USGS3DEP] delivered 100% > 1/3 arc-second [USGS3DEP] delivered 100%
PAVD,Alaska,HOLDER,1/9 arc-second,USGS3DEP,3.0,1 meter [USGS3DEP] no-coverage 0% > 1/9 arc-second [USGS3DEP] delivered 100% > 1/3 arc-second [USGS3DEP] delivered 100%
KBUY,North Carolina,HOLDER,1/9 arc-second,USGS3DEP,3.0,1 meter [USGS3DEP] no-coverage 0% > 1/9 arc-second [USGS3DEP] delivered 100% > 1/3 arc-second [USGS3DEP] delivered 100%
PADL,Alaska,HOLDER,1/3 arc-second,USGS3DEP,10.0,1 meter [USGS3DEP] no-coverage 0% > 1/9 arc-second [USGS3DEP] no-coverage 0% > 1/3 arc-second [USGS3DEP] delivered 100%
KGLE,Texas,HOLDER,1/3 arc-second,USGS3DEP,10.0,1 meter [USGS3DEP] no-coverage 0% > 1/9 arc-second [USGS3DEP] no-coverage 0% > 1/3 arc-second [USGS3DEP] delivered 100%
PAWG,Alaska,HOLDER,1/3 arc-second,USGS3DEP,10.0,1 meter [USGS3DEP] no-coverage 0% > 1/9 arc-second [USGS3DEP] no-coverage 0% > 1/3 arc-second [USGS3DEP] delivered 100%
KTDF,North Carolina,HOLDER,1/9 arc-second,USGS3DEP,3.0,1 meter [USGS3DEP] no-coverage 0% > 1/9 arc-second [USGS3DEP] delivered 100% > 1/3 arc-second [USGS3DEP] delivered 100%
KOTH,Oregon,HOLDER,1/9 arc-second,USGS3DEP,3.0,1 meter [USGS3DEP] below-threshold 6% > 1/9 arc-second [USGS3DEP] delivered 100% > 1/3 arc-second [USGS3DEP] delivered 100%
KCVO,Oregon,HOLDER,1/9 arc-second,USGS3DEP,3.0,1 meter [USGS3DEP] no-coverage 0% > 1/9 arc-second [USGS3DEP] delivered 100% > 1/3 arc-second [USGS3DEP] delivered 100%
KSLE,Oregon,HOLDER,1/9 arc-second,USGS3DEP,3.0,1 meter [USGS3DEP] no-coverage 0% > 1/9 arc-second [USGS3DEP] delivered 100% > 1/3 arc-second [USGS3DEP] delivered 100%
KAST,Oregon,HOLDER,1/9 arc-second,USGS3DEP,3.0,1 meter [USGS3DEP] no-coverage 0% > 1/9 arc-second [USGS3DEP] delivered 100% > 1/3 arc-second [USGS3DEP] delivered 100%
KBWD,Texas,HOLDER,1/9 arc-second,USGS3DEP,3.0,1 meter [USGS3DEP] no-coverage 0% > 1/9 arc-second [USGS3DEP] delivered 100% > 1/3 arc-second [USGS3DEP] delivered 100%
KCAG,Colorado,HOLDER,1/3 arc-second,USGS3DEP,10.0,1 meter [USGS3DEP] no-coverage 0% > 1/9 arc-second [USGS3DEP] no-coverage 0% > 1/3 arc-second [USGS3DEP] delivered 100%
KHBI,North Carolina,HOLDER,1/9 arc-second,USGS3DEP,3.0,1 meter [USGS3DEP] no-coverage 0% > 1/9 arc-second [USGS3DEP] delivered 100% > 1/3 arc-second [USGS3DEP] delivered 100%
KILE,Texas,HOLDER,1/9 arc-second,USGS3DEP,3.0,1 meter [USGS3DEP] no-coverage 0% > 1/9 arc-second [USGS3DEP] delivered 100% > 1/3 arc-second [USGS3DEP] delivered 100%
S21,,HOLDER,1/9 arc-second,USGS3DEP,3.0,1 meter [USGS3DEP] no-coverage 0% > 1/9 arc-second [USGS3DEP] delivered 100% > 1/3 arc-second [USGS3DEP] delivered 100%
KMMV,Oregon,HOLDER,1/9 arc-second,USGS3DEP,3.0,1 meter [USGS3DEP] no-coverage 0% > 1/9 arc-second [USGS3DEP] delivered 100% > 1/3 arc-second [USGS3DEP] delivered 100%
KONP,Oregon,HOLDER,1/9 arc-second,USGS3DEP,3.0,1 meter [USGS3DEP] no-coverage 0% > 1/9 arc-second [USGS3DEP] delivered 100% > 1/3 arc-second [USGS3DEP] delivered 100%
KNRA,Washington,HOLDER,1/9 arc-second,USGS3DEP,3.0,1 meter [USGS3DEP] no-coverage 0% > 1/9 arc-second [USGS3DEP] delivered 100% > 1/3 arc-second [USGS3DEP] delivered 100%
KBDN,Oregon,HOLDER,1/9 arc-second,USGS3DEP,3.0,1 meter [USGS3DEP] no-coverage 0% > 1/9 arc-second [USGS3DEP] delivered 100% > 1/3 arc-second [USGS3DEP] delivered 100%
KSIF,North Carolina,HOLDER,1/9 arc-second,USGS3DEP,3.0,1 meter [USGS3DEP] no-coverage 0% > 1/9 arc-second [USGS3DEP] delivered 100% > 1/3 arc-second [USGS3DEP] delivered 100%
KTRL,Texas,HOLDER,1/3 arc-second,USGS3DEP,10.0,1 meter [USGS3DEP] no-coverage 0% > 1/9 arc-second [USGS3DEP] no-coverage 0% > 1/3 arc-second [USGS3DEP] delivered 100%
KRCZ,North Carolina,HOLDER,1/9 arc-second,USGS3DEP,3.0,1 meter [USGS3DEP] no-coverage 0% > 1/9 arc-second [USGS3DEP] delivered 100% > 1/3 arc-second [USGS3DEP] delivered 100%
KUAO,Oregon,HOLDER,1/9 arc-second,USGS3DEP,3.0,1 meter [USGS3DEP] below-threshold 69% > 1/9 arc-second [USGS3DEP] delivered 100% > 1/3 arc-second [USGS3DEP] delivered 100%
KRBG,Oregon,HOLDER,1/9 arc-second,USGS3DEP,3.0,1 meter [USGS3DEP] no-coverage 0% > 1/9 arc-second [USGS3DEP] delivered 98% > 1/3 arc-second [USGS3DEP] delivered 100%
KHRJ,North Carolina,HOLDER,1/9 arc-second,USGS3DEP,3.0,1 meter [USGS3DEP] no-coverage 0% > 1/9 arc-second [USGS3DEP] delivered 100% > 1/3 arc-second [USGS3DEP] delivered 100%
KSCR,North Carolina,HOLDER,1/9 arc-second,USGS3DEP,3.0,1 meter [USGS3DEP] no-coverage 0% > 1/9 arc-second [USGS3DEP] delivered 100% > 1/3 arc-second [USGS3DEP] delivered 100%
KGTU,Texas,HOLDER,1/3 arc-second,USGS3DEP,10.0,1 meter [USGS3DEP] no-coverage 0% > 1/9 arc-second [USGS3DEP] no-coverage 0% > 1/3 arc-second [USGS3DEP] delivered 100%
KVDF,Florida,HOLDER,1/9 arc-second,USGS3DEP,3.0,1 meter [USGS3DEP] no-coverage 0% > 1/9 arc-second [USGS3DEP] delivered 100% > 1/3 arc-second [USGS3DEP] delivered 100%
KHFF,North Carolina,HOLDER,1/9 arc-second,USGS3DEP,3.0,1 meter [USGS3DEP] no-coverage 0% > 1/9 arc-second [USGS3DEP] delivered 100% > 1/3 arc-second [USGS3DEP] delivered 100%
KHLR,Texas,HOLDER,1/9 arc-second,USGS3DEP,3.0,1 meter [USGS3DEP] no-coverage 0% > 1/9 arc-second [USGS3DEP] delivered 100% > 1/3 arc-second [USGS3DEP] delivered 100%
7V2,Co,HOLDER,1/3 arc-second,USGS3DEP,10.0,1 meter [USGS3DEP] no-coverage 0% > 1/9 arc-second [USGS3DEP] no-coverage 0% > 1/3 arc-second [USGS3DEP] delivered 100%
T31,Texas,HOLDER,1/3 arc-second,USGS3DEP,10.0,1 meter [USGS3DEP] below-threshold 19% > 1/9 arc-second [USGS3DEP] no-coverage 0% > 1/3 arc-second [USGS3DEP] delivered 100%
W77,,HOLDER,1/9 arc-second,USGS3DEP,3.0,1 meter [USGS3DEP] no-coverage 0% > 1/9 arc-second [USGS3DEP] delivered 100% > 1/3 arc-second [USGS3DEP] delivered 100%
KLUD,Texas,HOLDER,1/3 arc-second,USGS3DEP,10.0,1 meter [USGS3DEP] no-coverage 0% > 1/9 arc-second [USGS3DEP] no-coverage 0% > 1/3 arc-second [USGS3DEP] delivered 100%
KFBG,North Carolina,HOLDER,1/9 arc-second,USGS3DEP,3.0,1 meter [USGS3DEP] no-coverage 0% > 1/9 arc-second [USGS3DEP] delivered 100% > 1/3 arc-second [USGS3DEP] delivered 100%
43A,South Carolina,HOLDER,1/9 arc-second,USGS3DEP,3.0,1 meter [USGS3DEP] no-coverage 0% > 1/9 arc-second [USGS3DEP] delivered 100% > 1/3 arc-second [USGS3DEP] delivered 100%
64S,,HOLDER,1/3 arc-second,USGS3DEP,10.0,1 meter [USGS3DEP] no-coverage 0% > 1/9 arc-second [USGS3DEP] below-threshold 0% > 1/3 arc-second [USGS3DEP] delivered 100%
3S8,OR,HOLDER,1/9 arc-second,USGS3DEP,3.0,1 meter [USGS3DEP] no-coverage 0% > 1/9 arc-second [USGS3DEP] delivered 100% > 1/3 arc-second [USGS3DEP] delivered 100%
KBMT,Texas,HOLDER,1/9 arc-second,USGS3DEP,3.0,1 meter [USGS3DEP] no-coverage 0% > 1/9 arc-second [USGS3DEP] delivered 100% > 1/3 arc-second [USGS3DEP] delivered 100%
PAHN,Alaska,HOLDER,1/3 arc-second,USGS3DEP,10.0,1 meter [USGS3DEP] no-coverage 0% > 1/9 arc-second [USGS3DEP] no-coverage 0% > 1/3 arc-second [USGS3DEP] delivered 100%
KPCM,Florida,HOLDER,1/9 arc-second,USGS3DEP,3.0,1 meter [USGS3DEP] no-coverage 0% > 1/9 arc-second [USGS3DEP] delivered 100% > 1/3 arc-second [USGS3DEP] delivered 100%
