icao,name,state,longest_rwy_m,lat,lon,tnm_1m_pct,tnm_1m_projects,ned19_3m_pct,usgs_lpc_opr_ql2,usgs_inwork,holder_title,holder_year,holder_ql,holder_spacing,holder_owner,holder_status,holder_share_pct,holder_link,holder_usgs_projects,holders_all,verdict,wesm_1m_pct
PAEI,Eielson AFB,Alaska,4412,64.65939,-147.08244,0.0,,100.0,AK_Fairbanks_NSB_Lidar_2017_B17 QL2 (100%),,2017 Fairbanks North Star QL2 Lidar,2017,2,0.7 m,USGS,Complete,100,https://elevation.alaska.gov/#64.7585:-147.0531:8,AK_FairbanksNSB_QL2_2017,"2016 Tanana River Salcha AK Lidar (2016, QL1, USGS, Complete, 20%) | 2017 Fairbanks North Star QL2 Lidar (2017, QL2, USGS, Complete, 100%)",USGS-LPC/OPR,100.0
KSKA,FAIRCHILD AFB,Washington,4234,47.62168,-117.64725,24.4,WA_NorthEast_B22,100.0,WA_NorthEast_B22 QL1 (98%),,"2015 Spokane, WA Lidar",2015,1,0.26 m,USGS,Complete,100,https://pugetsoundlidar.ess.washington.edu/lidardata/restricted/projects/2015spokane.html,,"2015 Spokane, WA Lidar (2015, QL1, USGS, Complete, 100%)",USGS-LPC/OPR,98.1
KXTA,Homey Airport,Nevada,3865,37.23837,-115.80801,0.0,,0.0,,,,,,,,,,,,,NOBODY,0.0
PANC,Ted Stevens Anchorage Intl,Alaska,3770,61.17707,-149.98969,0.0,,100.0,Anchorage_Lidar QL2 (100%),,"2015 Anchorage, AK Lidar",2015,2,0.7 m,USGS,Complete,100,https://elevation.alaska.gov/,AK_Anchorage_2015,"2015 Anchorage, AK Lidar (2015, QL2, USGS, Complete, 100%) | 2019 ANC Earthquake AK Lidar (2019, QL2, USGS, Complete, 98%) | 2011 Mat-Su Borough Lidar (2011, QL2, NOAA, Complete, 25%)",USGS-LPC/OPR,99.6
KTNX,Tonopah Test Range,Nevada,3669,37.80022,-116.77669,0.0,,0.0,,,,,,,,,,,,,NOBODY,0.0
07MT,GLASGOW INDUSTRIAL,Montana,3653,48.41226,-106.51704,0.0,,0.0,MT_DNRCphase1_2018_C21 QL2 (100%); MT_Statewide_Phase2_2020_B20 QL? (0%); OPR MT_Statewide_Phase2_2020_B20 QL? (0%),"MT_DNRCphase1_3_2018 QL2 collect 2018/10/23 [Pending publication]; 2018 DNRC QL2 Phase 1 Lidar (2019, QL2, USGS, Partial, 100%)",,,,,,,,,,,USGS-LPC/OPR,0.0
PAFA,Fairbanks Intl,Alaska,3594,64.81485,-147.86113,0.0,,100.0,AK_Fairbanks_NSB_Lidar_2017_B17 QL1 (100%),,2017 Fairbanks North Star QL1 Lidar,2017,1,0.35 m,USGS,Complete,100,https://coast.noaa.gov/dataviewer/#/lidar/search/where:ID=8663,AK_FairbanksNSB_QL1_2017,"2017 Fairbanks North Star QL1 Lidar (2017, QL1, USGS, Complete, 100%)",USGS-LPC/OPR,100.0
KMCF,MacDill AFB,Florida,3489,27.84963,-82.50847,15.5,FL_Peninsular_2018_D18,100.0,,"2024 USGS Florida Hillsborough Pinellas Lidar (2024, QL1, USGS, In Progress, 100%)",2017 Hillsborough County Florida Lidar,2017,1,0.25 m (spec),USGS,Complete,96,https://watermatters.sharefile.com/share/view/sec902fcb542046a1abc54e0ebebb1a7e/fo34713a-a6b4-42e1-9f5b-49ad0e87f783,FL_2017HillsboroughCounty_C22,"2017 Hillsborough County Florida Lidar (2017, QL1, USGS, Complete, 96%)",HOLDER,0.0
KTPA,Tampa Intl,Florida,3369,27.97701,-82.53174,0.0,,100.0,,"2024 USGS Florida Hillsborough Pinellas Lidar (2024, QL1, USGS, In Progress, 100%)",2017 Hillsborough County Florida Lidar,2017,1,0.25 m (spec),USGS,Complete,100,https://watermatters.sharefile.com/share/view/sec902fcb542046a1abc54e0ebebb1a7e/fo34713a-a6b4-42e1-9f5b-49ad0e87f783,FL_2017HillsboroughCounty_C22,"2017 Hillsborough County Florida Lidar (2017, QL1, USGS, Complete, 100%)",HOLDER,0.0
KDPG,Michael AAF,Utah,3357,40.19115,-112.93137,0.0,,0.0,,,,,,,,,,,,,NOBODY,0.0
KGEG,Spokane Intl,Washington,3352,47.62203,-117.53072,54.3,WA_NorthEast_B22,100.0,WA_NorthEast_B22 QL1 (100%),,"2015 Spokane, WA Lidar",2015,1,0.26 m,USGS,Complete,100,https://pugetsoundlidar.ess.washington.edu/lidardata/restricted/projects/2015spokane.html,,"2015 Spokane, WA Lidar (2015, QL1, USGS, Complete, 100%)",USGS-LPC/OPR,100.0
KGTF,Great Falls Intl,Montana,3200,47.48101,-111.36489,15.2,MT_Statewide_Phase3_2021_B21,0.0,MT_Statewide_Phase6_D24 QL2 (100%),"MT_StatewideP6_3_D24 QL2 collect 2024/08/27 [Pending publication]; 2024 USGS Statewide Montana Phase 6 QL2 Lidar (2025, QL2, USGS, Partial, 100%); 2020 Montana DNRC QL1 Lidar (2020, QL1, USGS, In Progress, 100%)",,,,,,,,,,,USGS-LPC/OPR,0.0
KPUB,Pueblo Memorial,Colorado,3195,38.286,-104.49609,0.0,,0.0,CO_CONMGaps_D24 QL1 (100%),"CO_CONMGaps_1_D24 QL1 collect 2024/09/10 [Pending publication]; 2024 USGS Colorado New Mexico Gaps Lidar (2024, QL1, USGS, Partial, 100%)",2016 Pueblo Area CO Lidar,2016,2,0.7 m (spec),USGS,Complete,100,https://coloradohazardmapping.com/,CO_Statewide_2016_C20,"2016 Pueblo Area CO Lidar (2016, QL2, USGS, Complete, 100%)",USGS-LPC/OPR,0.0
PACD,Cold Bay,Alaska,3106,55.20301,-162.72224,0.0,,0.0,,,,,,,,,,,,,NOBODY,0.0
KGRK,ROBERT GRAY AAF,Texas,3058,31.06911,-97.8297,0.0,,100.0,,"2024 USGS Texas Statewide Lidar (2025, QL2, USGS, In Progress, 100%)",2020 Texas Natural Resources Information System (TNRIS) Lidar: North and Central Regions Lidar,2020,2,0.438 m (spec),USGS,Complete,100,https://data.geographic.texas.gov/,TX_TNRIS_2020_C21,"2011 Texas Natural Resources Information System (TNRIS) Lidar: Bell, Burnet, and McLennan Counties (2011, QL2, USGS, Complete, 100%) | 2020 Texas Natural Resources Information System (TNRIS) Lidar: North and Central Regions Lidar (2020, QL2, USGS, Complete, 100%)",HOLDER,0.0
KGSO,Piedmont Triad Intl,North Carolina,3055,36.10095,-79.93739,0.0,,100.0,,,2024 North Carolina Statewide - Phase 3 Lidar,2024,1,0.35 m (spec),USGS,Complete,100,https://sdd.nc.gov/,,"2015 NCFMP NC Statewide Lidar - Phase 3 (2015, QL1, USGS, Complete, 100%) | 2024 North Carolina Statewide - Phase 3 Lidar (2024, QL1, USGS, Complete, 100%)",HOLDER,0.0
KRDU,Raleigh Durham Intl,North Carolina,3051,35.87804,-78.7868,0.0,,100.0,,,2024 North Carolina Statewide - Phase 3 Lidar,2024,1,0.35 m (spec),USGS,Complete,100,https://sdd.nc.gov/,,"2015 NCFMP NC Statewide Lidar - Phase 3 (2015, QL1, USGS, Complete, 100%) | 2024 North Carolina Statewide - Phase 3 Lidar (2024, QL1, USGS, Complete, 100%)",HOLDER,0.0
KHDN,Yampa Valley,Colorado,3044,40.4819,-107.21561,0.0,,0.0,,"2024 USGS Colorado New Mexico Gaps Lidar (2024, QL1, USGS, Partial, 100%)",2016 Routt County CO Lidar,2016,2,0.7 m (spec),USGS,Complete,100,https://coloradohazardmapping.com/,CO_Statewide_2016_C20,"2016 Routt County CO Lidar (2016, QL2, USGS, Complete, 100%)",HOLDER,0.0
PAED,Elmendorf AFB,Alaska,3040,61.25265,-149.80363,0.0,,100.0,Anchorage_Lidar QL2 (100%),,"2015 Anchorage, AK Lidar",2015,2,0.7 m,USGS,Complete,100,https://elevation.alaska.gov/,AK_Anchorage_2015,"2015 Anchorage, AK Lidar (2015, QL2, USGS, Complete, 100%) | 2019 ANC Earthquake AK Lidar (2019, QL2, USGS, Complete, 28%) | 2011 Mat-Su Borough Lidar (2011, QL2, NOAA, Complete, 32%)",USGS-LPC/OPR,100.0
KGPT,Gulfport Biloxi Intl,Mississippi,2747,30.40737,-89.07151,0.0,,100.0,MS_Coastal_QL2_LiDAR_with_3DEP_Extension QL2 (100%); MS_Southern_D24 QL1 (100%),"MS_Southern_7_D24 QL1 collect 2025/02/13 [Pending publication]; 2025 USGS Mississippi Southern Lidar (2025, QL1, USGS, Partial, 100%)",2015 MDEQ Lidar: Coastal MS QL2,2015,2,0.7 m,USGS,Complete,100,http://www.maris.state.ms.us/HTM/DownloadData/LIDAR.html,MS_Coastal-3DEPExt-Coastal-AOI_2015,"2015 MDEQ Lidar: Coastal MS QL2 (2015, QL2, USGS, Complete, 100%)",USGS-LPC/OPR,0.0
KINS,Creech AFB,Nevada,2741,36.58617,-115.67413,57.2,NV_Southern_D23,0.0,,,,,,,,,,,,,NOBODY,0.0
PABI,Allen AAF,Alaska,2737,63.99416,-145.72119,0.0,,0.0,,,,,,,,,,,,,NOBODY,0.0
PAKN,King Salmon,Alaska,2707,58.68021,-156.65631,0.0,,0.0,,,,,,,,,,,,,NOBODY,0.0
PAJN,Juneau Intl,Alaska,2696,58.35715,-134.57865,0.0,,100.0,AK_Juneau_Landslide_2021_D21 QL0 (10%); AK_SouthEastLandslides_D22 QL1 (100%),,"2024 AK DOT Lidar: Mendenhall Valley, AK",2024,,0.14 m,USFS,Complete,16,,,"2022 USGS Southeast Landslides Lidar (2023, QL1, USGS, Complete, 100%) [USGS LPC] | 2021 Juneau Landslide AK Lidar (2021, QL0, USGS, Complete, 7%) [USGS LPC] | 2024 AK DOT Lidar: Mendenhall Valley, AK (2024, QLNone, USFS, Complete, 16%)",USGS-LPC/OPR,100.0
PAFB,Ladd Army Airfield,Alaska,2607,64.83595,-147.61283,0.0,,100.0,AK_Fairbanks_NSB_Lidar_2017_B17 QL1 (100%),,2017 Fairbanks North Star QL1 Lidar,2017,1,0.35 m,USGS,Complete,100,https://coast.noaa.gov/dataviewer/#/lidar/search/where:ID=8663,AK_FairbanksNSB_QL1_2017,"2017 Fairbanks North Star QL1 Lidar (2017, QL1, USGS, Complete, 100%)",USGS-LPC/OPR,100.0
KTRM,Jacqueline Cochran,California,2601,33.63351,-116.16095,9.8,CA_CaliforniaGaps_B23,100.0,CA_SaltonSea_EarthMRI_2021_D21 QL1 (59%),,,,,,,,,,,"2021 USGS Salton Sea CA Lidar (2021, QL1, USGS, Complete, 100%) [USGS LPC]",USGS-LPC/OPR,59.2
KHSA,Stennis Intl,Mississippi,2601,30.37194,-89.45253,0.0,,100.0,MS_Coastal_QL2_LiDAR_with_3DEP_Extension QL2 (100%); MS_Southern_D24 QL1 (71%); OPR South_Terrebonne_and_Gulf_Islands_LiDAR QL? (45%),"MS_Southern_7_D24 QL1 collect 2025/02/13 [Pending publication]; 2025 USGS Mississippi Southern Lidar (2025, QL1, USGS, Partial, 100%)",2015 MDEQ Lidar: Coastal MS QL2,2015,2,0.7 m,USGS,Complete,100,http://www.maris.state.ms.us/HTM/DownloadData/LIDAR.html,MS_Coastal-3DEPExt-Coastal-AOI_2015,"2015 MDEQ Lidar: Coastal MS QL2 (2015, QL2, USGS, Complete, 100%)",USGS-LPC/OPR,0.0
KGBN,Gila Bend AF Aux,Arizona,2596,32.88671,-112.72284,32.3,AZ_SouthWest_D23,0.0,AZ_SouthWest_D23 QL2 (100%),,2013 Maricopa County Lidar Acquisition for Barry Goldwater Gunnery Range,2013,1,0.35 m,USGS,Complete,100,,,"2013 Maricopa County Lidar Acquisition for Barry Goldwater Gunnery Range (2013, QL1, USGS, Complete, 100%)",USGS-LPC/OPR,100.0
KEGI,Duke Field,Florida,2450,30.64861,-86.5243,0.0,,100.0,,"2025 USGS Florida Western Panhandle Lidar (2025, QL1, USGS, In Progress, 100%)",,,,,,,,,,,IN-WORK,0.0
KASE,Aspen-Pitkin County,Colorado,2448,39.22,-106.86636,0.0,,0.0,,"2024 USGS Colorado New Mexico Gaps Lidar (2024, QL1, USGS, Partial, 100%)",2016 Pitkin County CO Lidar,2016,2,0.7 m (spec),USGS,Complete,19,https://coloradohazardmapping.com/,CO_Statewide_2016_C20,"2016 Pitkin County CO Lidar (2016, QL2, USGS, Complete, 19%)",HOLDER,0.0
KEUG,Mahlon Sweet Fld,Oregon,2446,44.12165,-123.21216,0.0,,100.0,,"2023 USGS Oregon Western Lidar (2023, QL1, USGS, Partial, 100%)",2023 DOGAMI Oregon Willamette Valley Lidar,2023,1,0.35m,USGS,Complete,100,https://gis.dogami.oregon.gov/maps/lidarviewer/,,"2023 DOGAMI Oregon Willamette Valley Lidar (2023, QL1, USGS, Complete, 100%) | 2009 Oregon Department of Geology and Mineral Industries (DOGAMI) Lidar: Willamette Valley (2009, QL1, NOAA, Complete, 100%)",HOLDER,0.0
FL34,Eglin Test Site B6,Florida,2443,30.63187,-86.74808,0.0,,100.0,,"2025 USGS Florida Western Panhandle Lidar (2025, QL1, USGS, In Progress, 100%)",,,,,,,,,,,IN-WORK,0.0
KNJW,Joe Williams Nolf,Mississippi,2443,32.79627,-88.834,2.4,USGS one meter x33y363 MS NRCS-Lauderdale 2013;USGS one meter x33y364 MS NRCS-Lauderdale 2013,100.0,NRCS_Lauderdale_MS_07m_NPS_LiDAR QL2 (100%),"2025 USGS Mississippi Central Lidar (2025, QL1, USGS, In Progress, 100%)","2013 NRCS/USGS Lidar: Lauderdale, MS",2013,2,0.7 m,USGS,Complete,100,http://www.maris.state.ms.us/HTM/DownloadData/LIDAR.html,MS_NRCS-LAUDERDALE_2013,"2013 NRCS/USGS Lidar: Lauderdale, MS (2013, QL2, USGS, Complete, 100%)",USGS-LPC/OPR,100.0
KNUW,Whidbey Island NAS,Washington,2441,48.34525,-122.66291,0.0,,100.0,,,2023 2024 USGS Washington DNR Refresh Lidar,2023,1,0.35m (spec),USGS,Complete,100,https://lidarportal.dnr.wa.gov/,WA_2023-2024Refresh_C26,"2023 2024 USGS Washington DNR Refresh Lidar (2023, QL1, USGS, Complete, 100%) | 2014 Island County, WA Lidar (2014, QL1, USGS, Complete, 96%)",HOLDER,0.0
FL35,Eglin Test Site C3,Florida,2437,30.57769,-86.45168,0.0,,100.0,,"2025 USGS Florida Western Panhandle Lidar (2025, QL1, USGS, In Progress, 100%)",,,,,,,,,,,IN-WORK,0.0
PAEN,Kenai Muni,Alaska,2394,60.56762,-151.24778,0.0,,100.0,,"2024 USGS Alaska Tazlina Kenai Lidar (2025, QL1, USGS, In Progress, 100%)",,,,,,,,,,,IN-WORK,0.0
PADK,Adak,Alaska,2377,51.87758,-176.64328,0.0,,0.0,,,,,,,,,,,,,NOBODY,0.0
KFAY,Fayetteville Rgnl/Grannis Fld,North Carolina,2356,34.991,-78.88339,0.0,,100.0,,,2024 North Carolina Statewide - Phase 3 Lidar,2024,1,0.35 m (spec),USGS,Complete,100,https://sdd.nc.gov/,,"2015 NCFMP NC Statewide Lidar - Phase 3 (2015, QL1, USGS, Complete, 100%) | 2024 North Carolina Statewide - Phase 3 Lidar (2024, QL1, USGS, Complete, 100%)",HOLDER,0.0
PAYA,Yakutat,Alaska,2353,59.50729,-139.66681,0.0,,0.0,AK_SouthEastLandslides_D22 QL1 (100%),,,,,,,,,,,"2022 USGS Southeast Landslides Lidar (2023, QL1, USGS, Complete, 100%) [USGS LPC]",USGS-LPC/OPR,100.0
KBIX,Keesler AFB,Mississippi,2331,30.40933,-88.92288,0.0,,100.0,MS_Coastal_QL2_LiDAR_with_3DEP_Extension QL2 (100%); MS_Southern_D24 QL1 (93%),"MS_Southern_7_D24 QL1 collect 2025/02/13 [Pending publication]; 2025 USGS Mississippi Southern Lidar (2025, QL1, USGS, Partial, 87%)",2015 MDEQ Lidar: Coastal MS QL2,2015,2,0.7 m,USGS,Complete,100,http://www.maris.state.ms.us/HTM/DownloadData/LIDAR.html,MS_Coastal-3DEPExt-Coastal-AOI_2015,"2015 MDEQ Lidar: Coastal MS QL2 (2015, QL2, USGS, Complete, 100%)",USGS-LPC/OPR,0.0
PADQ,Kodiak,Alaska,2291,57.74733,-152.50363,0.0,,0.0,,"2025 USGS Alaska Kodiak Island Lidar (2025, QL1, USGS, In Progress, 98%)",,,,,,,,,,,IN-WORK,0.0
38AZ,Peabody Bedard Field,Arizona,2290,36.47636,-110.41364,0.0,,100.0,,,,,,,,,,,,"2023 USGS AZ North East QL2 Lidar (2023, QL2, USGS, Complete, 100%)",USIEI-ONLY,0.0
KPOB,Pope AAF,North Carolina,2289,35.16973,-79.01655,0.0,,100.0,,,2024 North Carolina Statewide - Phase 3 Lidar,2024,1,0.35 m (spec),USGS,Complete,100,https://sdd.nc.gov/,,"2015 NCFMP NC Statewide Lidar - Phase 3 (2015, QL1, USGS, Complete, 100%) | 2024 North Carolina Statewide - Phase 3 Lidar (2024, QL1, USGS, Complete, 100%)",HOLDER,0.0
PANT,Annette Island,Alaska,2288,55.0426,-131.5731,0.0,,0.0,AK_PrinceOfWalesP2_2018_B18 QL1 (97%),,2018 Prince of Wales Lidar Phase II,2018,1,0.35 m,USGS,Complete,100,https://coast.noaa.gov/dataviewer/#/lidar/search/where:ID=9076/details/9076,"AK_POW_P2_2018,AK_POW_P2_TL_2018","2018 Prince of Wales Lidar Phase II (2018, QL1, USGS, Complete, 100%)",USGS-LPC/OPR,100.0
PAKT,Ketchikan Intl,Alaska,2283,55.35534,-131.70909,0.0,,0.0,AK_PrinceOfWalesP2_2018_B18 QL? (0%); AK_SouthEastLandslides_D22 QL1 (55%); OPR AK_PrinceOfWalesP2_2018_B18 QL? (0%),,"2014 FEMA Lidar: Ketchikan, AK",2014,2,0.4 m,FEMA,Complete,84,https://coast.noaa.gov/dataviewer/#/lidar/search/where:ID=8521,,"2014 FEMA Lidar: Ketchikan, AK (2014, QL2, FEMA, Complete, 84%) | 2022 USGS Southeast Landslides Lidar (2023, QL1, USGS, Complete, 41%) [USGS LPC]",HOLDER,41.4
PACV,Merle K (Mudhole) Smith,Alaska,2280,60.49323,-145.47093,0.0,,0.0,,,,,,,,,,,,,NOBODY,0.0
PASI,Sitka Rocky Gutierrez,Alaska,2188,57.05217,-135.36764,0.0,,0.0,AK_SouthEastLandslides_D22 QL1 (92%),,"2018 AK DGGS Lidar: Sitka, AK",2018,,0.15 m,NOAA,Complete,64,https://elevation.alaska.gov/,,"2014 OLC FEMA Lidar: Sitka, AK (2014, QL1, NOAA, Complete, 61%) | 2018 AK DGGS Lidar: Sitka, AK (2018, QLNone, NOAA, Complete, 64%) | 2022 USGS Southeast Landslides Lidar (2023, QL1, USGS, Complete, 74%) [USGS LPC]",USGS-LPC/OPR,74.3
KACT,Waco Regl,Texas,2175,31.61093,-97.22601,12.1,USGS one meter x66y351 TX MiddleBrazos 2016,100.0,,"2024 USGS Texas Statewide Lidar (2025, QL2, USGS, In Progress, 100%)",2020 Texas Natural Resources Information System (TNRIS) Lidar: North and Central Regions Lidar,2020,2,0.438 m (spec),USGS,Complete,100,https://data.geographic.texas.gov/,TX_TNRIS_2020_C21,"2011 Texas Natural Resources Information System (TNRIS) Lidar: Bell, Burnet, and McLennan Counties (2011, QL2, USGS, Complete, 100%) | 2020 Texas Natural Resources Information System (TNRIS) Lidar: North and Central Regions Lidar (2020, QL2, USGS, Complete, 100%)",HOLDER,0.0
PABR,Wiley Post-Will Rogers Memorial,Alaska,2158,71.28636,-156.77363,0.0,,0.0,AK_NorthSlopeBorough_2018_B18 QL1 (100%),,2018 - 2019 North Slope Borough AK Lidar QL1,2018,1,0.35 m,USGS,Complete,100,https://coast.noaa.gov/dataviewer/#/lidar/search/where:ID=9197/details/9197,"AK_NorthSlope_B10_2018,AK_NorthSlope_B11_2018,AK_NorthSlope_B1_2018,AK_NorthSlope_B2_2018,AK_NorthSlope_B3_2018,AK_NorthSlope_B4_2018","2018 - 2019 North Slope Borough AK Lidar QL1 (2018, QL1, USGS, Complete, 100%) | 2019 AK DGGS Lidar: Utqiagvik - Atqasuk, AK (2019, QLNone, NOAA, Complete, 99%)",USGS-LPC/OPR,100.0
KTPL,Draughon-Miller Rgnl,Texas,2142,31.15128,-97.41069,0.0,,100.0,,"2024 USGS Texas Statewide Lidar (2025, QL2, USGS, In Progress, 100%)",2020 Texas Natural Resources Information System (TNRIS) Lidar: North and Central Regions Lidar,2020,2,0.438 m (spec),USGS,Complete,100,https://data.geographic.texas.gov/,TX_TNRIS_2020_C21,"2011 Texas Natural Resources Information System (TNRIS) Lidar: Bell, Burnet, and McLennan Counties (2011, QL2, USGS, Complete, 100%) | 2020 Texas Natural Resources Information System (TNRIS) Lidar: North and Central Regions Lidar (2020, QL2, USGS, Complete, 100%)",HOLDER,0.0
PAGS,Gustavus,Alaska,2044,58.42402,-135.70733,0.0,,0.0,AK_GlacierBay_2019_B19 QL1 (100%),,2019 Glacier Bay AK QL1 Lidar,2019,1,0.35 m,USGS,Complete,100,https://coast.noaa.gov/dataviewer/#/lidar/search/where:ID=9261/details/9261,"AK_GlacierBay_5_2019,AK_GlacierBay_B3_2019","2019 Glacier Bay AK QL1 Lidar (2019, QL1, USGS, Complete, 100%)",USGS-LPC/OPR,100.0
PAHO,Homer,Alaska,2041,59.64103,-151.48996,0.0,,100.0,,"2024 USGS Alaska Tazlina Kenai Lidar (2025, QL1, USGS, In Progress, 100%)",2019 DGGS Homer,2019,,0.18 m,USGS,Complete,100,https://elevation.alaska.gov,,"2019 DGGS Homer (2019, QLNone, USGS, Complete, 100%)",HOLDER,0.0
KPQL,Trent Lott INTL,Mississippi,1990,30.46377,-88.52751,0.0,,100.0,MS_Coastal_QL2_LiDAR_with_3DEP_Extension QL2 (100%); MS_Southern_D24 QL? (0%); OPR MS_Southern_D24 QL? (0%),"2025 USGS Mississippi Southern Lidar (2025, QL1, USGS, Partial, 100%)",2015 MDEQ Lidar: Coastal MS QL2,2015,2,0.7 m,USGS,Complete,100,http://www.maris.state.ms.us/HTM/DownloadData/LIDAR.html,MS_Coastal-3DEPExt-Coastal-AOI_2015,"2015 MDEQ Lidar: Coastal MS QL2 (2015, QL2, USGS, Complete, 100%)",USGS-LPC/OPR,0.0
KTTA,Raleigh Exec Jetport,North Carolina,1987,35.57797,-79.10616,0.0,,100.0,,,2024 North Carolina Statewide - Phase 3 Lidar,2024,1,0.35 m (spec),USGS,Complete,100,https://sdd.nc.gov/,,"2015 NCFMP NC Statewide Lidar - Phase 3 (2015, QL1, USGS, Complete, 100%) | 2024 North Carolina Statewide - Phase 3 Lidar (2024, QL1, USGS, Complete, 100%)",HOLDER,0.0
PASC,DEADHORSE,Alaska,1985,70.19652,-148.46377,0.0,,0.0,AK_NorthSlopeBorough_2018_B18 QL2 (100%),,2018 - 2019 North Slope Borough AK Lidar QL2,2018,2,0.7 m,USGS,Complete,100,"https://coast.noaa.gov/dataviewer/#/lidar/search/where:ID=9198/details/9198""","AK_NorthSlope_B12_2018,AK_NorthSlope_B13_2018,AK_NorthSlope_B14_2018,AK_NorthSlope_B5_2018,AK_NorthSlope_B6_2018,AK_NorthSlope_B7_2018,AK_NorthSlope_B8_2018","2018 - 2019 North Slope Borough AK Lidar QL2 (2018, QL2, USGS, Complete, 100%)",USGS-LPC/OPR,100.0
P13,San Carlos Apache,Arizona,1985,33.3537,-110.66574,30.6,AZ_Eastern_D24;CA_AZ_FEMA_R9_Lidar_2017_D18,0.0,,,,,,,,,,,,,NOBODY,0.0
KSOP,Moore County,North Carolina,1984,35.23802,-79.38962,0.0,,100.0,,,2024 North Carolina Statewide - Phase 3 Lidar,2024,1,0.35 m (spec),USGS,Complete,100,https://sdd.nc.gov/,,"2015 NCFMP NC Statewide Lidar - Phase 3 (2015, QL1, USGS, Complete, 100%) | 2024 North Carolina Statewide - Phase 3 Lidar (2024, QL1, USGS, Complete, 100%)",HOLDER,0.0
PASN,St Paul Island,Alaska,1981,57.16153,-170.22355,0.0,,0.0,,,,,,,,,,,,,NOBODY,0.0
74V,Roosevelt Muni,,1978,40.27756,-110.04926,0.0,,0.0,,,,,,,,,,,,"2018 Uintah Heber FEMA QL2  Lidar (2018, QL2, USGS, Complete, 100%)",USIEI-ONLY,0.0
PAVD,Valdez Pioneer Fld,Alaska,1974,61.13207,-146.24815,0.0,,100.0,,,"2012 FEMA Lidar: Valdez, AK",2012,2,0.35 m,NOAA,Complete,100,https://coast.noaa.gov/dataviewer/#/lidar/search/where:ID=8539,,"2007 - 2008 USGS Lidar: Valdez, Alaska (2008, QL2, NOAA, Complete, 100%) | 2012 FEMA Lidar: Valdez, AK (2012, QL2, NOAA, Complete, 100%)",HOLDER,0.0
PABE,Bethel,Alaska,1950,60.78006,-161.83942,0.0,,0.0,,,,,,,,,,,,,NOBODY,0.0
KDVL,Devils Lake Regl,North Dakota,1950,48.1135,-98.9081,15.3,ND_3DEPProcessing_D22,100.0,ND_3DEPProcessing_D22 QL2 (100%),"2026 NRCS Red River North Dakota Lidar (2026, QL1, USGS, In Progress, 100%); 2023 FEMA Phase 12 QL1 Cities ND Lidar (2024, QL1, USGS, In Progress, 100%)",2018 NRCS James River Phase 8 ND Lidar,2019,2,0.7 m (spec),USGS,Complete,100,https://lidar.dwr.nd.gov/,,"2018 NRCS James River Phase 8 ND Lidar (2019, QL2, USGS, Complete, 100%)",USGS-LPC/OPR,100.0
KBUY,Burlington Alamance Regl,North Carolina,1950,36.04812,-79.47558,0.0,,100.0,,,2024 North Carolina Statewide - Phase 3 Lidar,2024,1,0.35 m (spec),USGS,Complete,100,https://sdd.nc.gov/,,"2015 NCFMP NC Statewide Lidar - Phase 3 (2015, QL1, USGS, Complete, 100%) | 2024 North Carolina Statewide - Phase 3 Lidar (2024, QL1, USGS, Complete, 100%)",HOLDER,0.0
PADL,Dillingham,Alaska,1949,59.04338,-158.51005,0.0,,0.0,,,"2023 NOAA Lidar: AK Coastal Communities (Dillingham/Aleknagik, Ekuk, Ekwok, Koliganek, Manokotak, New Stuyahok)",2023,1,0.27 m,NOAA,Complete,100,https://coast.noaa.gov/dataviewer/#/lidar/search/where:ID=10424/details/10424,,"2023 NOAA Lidar: AK Coastal Communities (Dillingham/Aleknagik, Ekuk, Ekwok, Koliganek, Manokotak, New Stuyahok) (2023, QL1, NOAA, Complete, 100%)",HOLDER,0.0
PAPG,Petersburg James A Johnson,Alaska,1947,56.8057,-132.93269,0.0,,0.0,AK_SouthEastLandslides_D22 QL1 (100%),,,,,,,,,,,"2022 USGS Southeast Landslides Lidar (2023, QL1, USGS, Complete, 100%) [USGS LPC]",USGS-LPC/OPR,100.0
E24,WHITERIVER,,1941,33.81392,-109.98423,0.0,,0.0,,,,,,,,,,,,,NOBODY,0.0
KGLE,Gainesville Municipal,Texas,1917,33.65092,-97.20082,0.0,,0.0,,"2024 USGS Texas Statewide Lidar (2025, QL2, USGS, In Progress, 100%)",2020 Texas Natural Resources Information System (TNRIS) Lidar: North and Central Regions Lidar,2020,2,0.438 m (spec),USGS,Complete,100,https://data.geographic.texas.gov/,TX_TNRIS_2020_C21,"2020 Texas Natural Resources Information System (TNRIS) Lidar: North and Central Regions Lidar (2020, QL2, USGS, Complete, 100%) | 2010 Texas Natural Resources Information System (TNRIS) Lidar: Montague, Cooke, Grayson, and  Wise Counties (2010, QL2, USGS, Complete, 100%)",HOLDER,0.0
PADG,RED DOG,Alaska,1916,68.03164,-162.90061,0.0,,0.0,,,,,,,,,,,,,NOBODY,0.0
PAOT,Ralph Wien Memorial,Alaska,1908,66.88773,-162.60264,0.0,,0.0,,,,,,,,,,,,,NOBODY,0.0
T03,Tuba City,,1902,36.08571,-111.38037,0.0,,0.0,,,,,,,,,,,,"2023 USGS AZ North East QL2 Lidar (2023, QL2, USGS, Complete, 100%)",USIEI-ONLY,0.0
PAOM,Nome,Alaska,1879,64.51064,-165.43841,0.0,,0.0,,,,,,,,,,,,"2023 USGS Alaska Typhoon Merbok Part 4 of 4 Lidar (2024, QL1, USGS, Complete, 100%)",USIEI-ONLY,0.0
3U3,Bowman Field,Montana,1835,46.1497,-112.86459,0.0,,0.0,,"2024 USGS Statewide Montana Phase 6 QL2 Lidar (2025, QL2, USGS, Partial, 100%); 2018 DNRC QL2 Phase 1 Lidar (2019, QL2, USGS, Partial, 100%)",,,,,,,,,,,IN-WORK,0.0
PAWG,Wrangell,Alaska,1832,56.48502,-132.37522,0.0,,0.0,,,"2023 USFS/DGGS Lidar: Wrangell, AK",2023,1,0.25 m,USFS,Complete,72,https://dggs.alaska.gov/pubs/id/31098,,"2023 USFS/DGGS Lidar: Wrangell, AK (2023, QL1, USFS, Complete, 72%)",HOLDER,0.0
KTDF,Person Co,North Carolina,1832,36.28668,-78.98387,0.0,,100.0,,,2024 North Carolina Statewide - Phase 3 Lidar,2024,1,0.35 m (spec),USGS,Complete,100,https://sdd.nc.gov/,,"2015 NCFMP NC Statewide Lidar - Phase 3 (2015, QL1, USGS, Complete, 100%) | 2024 North Carolina Statewide - Phase 3 Lidar (2024, QL1, USGS, Complete, 100%)",HOLDER,0.0
PAAQ,Palmer Muni,Alaska,1829,61.59642,-149.0916,0.0,,100.0,AK_MatSuBorough_2019_B19 QL2 (100%),"2026 USGS MatSu Borough Alaska Lidar (2026, QL1, USGS, In Progress, 100%)",2011 Mat-Su Borough Lidar,2011,2,0.6 m,NOAA,Complete,100,https://data1-msb.opendata.arcgis.com/pages/2011-li-dar-&-imagery-project,"AK_MATANUSKASUSITNA-LOT1_2011,AK_MATANUSKASUSITNA-LOT2_2011","2019 MatSu Borough AK Lidar (2019, QL2, USGS, Complete, 100%) [USGS LPC] | 2011 Mat-Su Borough Lidar (2011, QL2, NOAA, Complete, 100%)",USGS-LPC/OPR,100.0
PANI,Aniak,Alaska,1825,61.57564,-159.53428,0.0,,0.0,,,,,,,,,,,,,NOBODY,0.0
PAGA,Edward G Pitka Sr,Alaska,1823,64.73769,-156.94416,0.0,,0.0,,,,,,,,,,,,,NOBODY,0.0
KOTH,Southwest Oregon Rgnl,Oregon,1823,43.41555,-124.24563,6.1,OR_SouthCoast_2019_A19,100.0,,"2023 USGS Oregon Western Lidar (2023, QL1, USGS, Partial, 78%)",2008 - 2009 Oregon Department of Geology and Mineral Industries (DOGAMI) Lidar: Southcoast,2008,1,0.35 m,NOAA,Complete,100,https://gis.dogami.oregon.gov/maps/lidarviewer/,OR_SOUTHCOAST_2008,"2008 - 2009 Oregon Department of Geology and Mineral Industries (DOGAMI) Lidar: Southcoast (2008, QL1, NOAA, Complete, 100%)",HOLDER,0.0
PAMC,Mc Grath,Alaska,1816,62.95306,-155.60331,0.0,,0.0,AK_NativeAlaskanVillages_D22 QL2 (100%),,,,,,,,,,,"2022 NRCS Native Alaskan Villages QL2 Lidar (2023, QL2, USGS, Complete, 100%) [USGS LPC]",USGS-LPC/OPR,100.0
KCVO,Corvallis Muni,Oregon,1801,44.49965,-123.28602,0.0,,100.0,,"2023 USGS Oregon Western Lidar (2023, QL1, USGS, Partial, 100%)",2009 Oregon Department of Geology and Mineral Industries (DOGAMI) Lidar: Willamette Valley,2009,1,0.35 m,NOAA,Complete,100,https://coast.noaa.gov/dataviewer/#/lidar/search/where:ID=1078,OR_WILLAMETTE_VALLEY_OLC_2008,"2009 Oregon Department of Geology and Mineral Industries (DOGAMI) Lidar: Willamette Valley (2009, QL1, NOAA, Complete, 100%)",HOLDER,0.0
KBHK,Baker Muni,Montana,1800,46.35069,-104.26463,0.0,,0.0,MT_DNRC_2018_C20 QL2 (100%),"MT_DNRC_1_2018 QL2 collect 2019/05/30 [Pending publication]; 2024 USGS Statewide Montana Phase 6 QL2 Lidar (2025, QL2, USGS, Partial, 100%); 2018 DNRC QL1 Lidar (2019, QL1, USGS, In Progress, 100%)",,,,,,,,,,,USGS-LPC/OPR,0.0
PAUN,Unalakleet,Alaska,1795,63.88279,-160.79566,0.0,,0.0,AK_TyphoonMerbok_Woolpert_F23 QL1 (86%),AK_TyphoonMerbokWoolpert_1_F23 QL1 collect 2024/07/22 [Pending publication],"2005 AK Dept. of Natural Resources Division of Geological & Geophysical Surveys (DGGS) Lidar: Unalakleet, Alaska",2005,,0.74 m,NOAA,Complete,96,https://coast.noaa.gov/dataviewer/#/lidar/search/where:ID=3648,,"2005 AK Dept. of Natural Resources Division of Geological & Geophysical Surveys (DGGS) Lidar: Unalakleet, Alaska (2005, QLNone, NOAA, Complete, 96%) | 2023 USGS Alaska Typhoon Merbok Part 4 of 4 Lidar (2024, QL1, USGS, Complete, 75%) [USGS LPC]",USGS-LPC/OPR,0.0
E78,SELLS,,1779,31.93065,-111.89722,0.0,,0.0,,,2021 USGS Pima County AZ Lidar,2022,1,0.35 m (spec),USGS,Complete,100,https://opentopography.org/,AZ_PimaCounty_2021_B21,"2021 USGS Pima County AZ Lidar (2022, QL1, USGS, Complete, 100%)",HOLDER,0.0
KSLE,McNary Fld,Oregon,1772,44.90849,-123.00527,0.0,,100.0,,"2023 USGS Oregon Western Lidar (2023, QL1, USGS, Partial, 100%)",2023 DOGAMI Oregon Willamette Valley Lidar,2023,1,0.35m,USGS,Complete,100,https://gis.dogami.oregon.gov/maps/lidarviewer/,,"2023 DOGAMI Oregon Willamette Valley Lidar (2023, QL1, USGS, Complete, 100%) | 2009 Oregon Department of Geology and Mineral Industries (DOGAMI) Lidar: Willamette Valley (2009, QL1, NOAA, Complete, 100%) | 2018 OLC Lidar: Santiam, OR (2018, QL1, USGS, Complete, 100%)",HOLDER,0.0
U69,Duchesne Muni,Utah,1772,40.19242,-110.38494,0.0,,0.0,,,,,,,,,,,,"2018 Uintah Heber FEMA QL2  Lidar (2018, QL2, USGS, Complete, 100%)",USIEI-ONLY,0.0
38S,Deer Lodge-City-County,MT,1767,46.38835,-112.76506,0.0,,0.0,,"2024 USGS Statewide Montana Phase 6 QL2 Lidar (2025, QL2, USGS, Partial, 100%); 2018 DNRC QL1 Phase 1 Lidar (2019, QL1, USGS, In Progress, 100%)",,,,,,,,,,,IN-WORK,0.0
KAST,Astoria Regl,Oregon,1764,46.15666,-123.88084,0.0,,100.0,,"2023 USGS Oregon Western Lidar (2023, QL1, USGS, Partial, 100%)","2010 USACE Lidar: Columbia River (ID, MT, OR, WA)",2010,,0.35 m,USACE JALBTCX,Complete,100,https://coast.noaa.gov/dataviewer/#/lidar/search/where:ID=1122,,"2008 - 2009 Oregon Department of Geology and Mineral Industries (DOGAMI) Lidar: North Coast (2009, QL1, NOAA, Complete, 100%) | 2010 USACE Lidar: Columbia River (ID, MT, OR, WA) (2010, QLNone, USACE JALBTCX, Complete, 100%)",HOLDER,0.0
KMLS,Frank Wiley Fld,Montana,1755,46.42896,-105.88127,0.0,,0.0,,"2024 USGS Statewide Montana Phase 6 QL2 Lidar (2025, QL2, USGS, Partial, 100%); 2018 DNRC QL1 Lidar (2019, QL1, USGS, In Progress, 100%)",,,,,,,,,,,IN-WORK,0.0
KGDV,Dawson Community,Montana,1738,47.13689,-104.80766,0.0,,0.0,MT_Statewide_Phase6_D24 QL2 (100%),"MT_StatewideP6_1_D24 QL2 collect 2024/08/20 [Pending publication]; 2018 DNRC QL2 Lidar (2019, QL2, USGS, In Progress, 9%); 2024 USGS Statewide Montana Phase 6 QL2 Lidar (2025, QL2, USGS, Partial, 100%); 2018 DNRC QL1 Lidar (2019, QL1, USGS, In Progress, 98%)",,,,,,,,,,,USGS-LPC/OPR,0.0
KBWD,Brownwood Regl,Texas,1713,31.79374,-98.95321,0.0,,100.0,,"2024 USGS Texas Statewide Lidar (2025, QL2, USGS, In Progress, 100%)",2019 Texas Natural Resources Information System (TNRIS) Lidar: Brown County,2019,2,0.5 m (spec),USGS,Complete,100,https://data.geographic.texas.gov/,TX_2019Brown_C23,"2019 Texas Natural Resources Information System (TNRIS) Lidar: Brown County (2019, QL2, USGS, Complete, 100%)",HOLDER,0.0
KCAG,Craig-Moffat,Colorado,1711,40.49424,-107.52178,0.0,,0.0,,"2024 USGS Colorado New Mexico Gaps Lidar (2024, QL1, USGS, Partial, 100%)",2016 Routt County CO Lidar,2016,2,0.7 m (spec),USGS,Complete,100,https://coloradohazardmapping.com/,CO_Statewide_2016_C20,"2016 Routt County CO Lidar (2016, QL2, USGS, Complete, 100%)",HOLDER,0.0
KAJZ,Blake Fld,Colorado,1708,38.78229,-108.06577,0.0,,0.0,CO_CONMGaps_D24 QL1 (100%),"CO_CONMGaps_3_D24 QL1 collect 2024/09/21 [Pending publication]; 2024 USGS Colorado New Mexico Gaps Lidar (2024, QL1, USGS, Partial, 100%)",2016 Delta County CO QL2 Lidar,2016,2,0.7 m (spec),USGS,Complete,100,https://coloradohazardmapping.com/,CO_WesternCO_2015_C20,"2016 Delta County CO QL2 Lidar (2016, QL2, USGS, Complete, 100%)",USGS-LPC/OPR,0.0
KHBI,Asheboro Regl,North Carolina,1682,35.65264,-79.8942,0.0,,100.0,,,2024 North Carolina Statewide - Phase 3 Lidar,2024,1,0.35 m (spec),USGS,Complete,100,https://sdd.nc.gov/,,"2015 NCFMP NC Statewide Lidar - Phase 3 (2015, QL1, USGS, Complete, 100%) | 2024 North Carolina Statewide - Phase 3 Lidar (2024, QL1, USGS, Complete, 100%)",HOLDER,0.0
KILE,Skylark Fld,Texas,1681,31.08797,-97.68442,0.0,,100.0,,"2024 USGS Texas Statewide Lidar (2025, QL2, USGS, In Progress, 100%)",2020 Texas Natural Resources Information System (TNRIS) Lidar: North and Central Regions Lidar,2020,2,0.438 m (spec),USGS,Complete,100,https://data.geographic.texas.gov/,TX_TNRIS_2020_C21,"2011 Texas Natural Resources Information System (TNRIS) Lidar: Bell, Burnet, and McLennan Counties (2011, QL2, USGS, Complete, 100%) | 2020 Texas Natural Resources Information System (TNRIS) Lidar: North and Central Regions Lidar (2020, QL2, USGS, Complete, 100%)",HOLDER,0.0
S21,Sunriver,,1670,43.87672,-121.45436,0.0,,100.0,,"2023 USGS Oregon Western Lidar (2023, QL1, USGS, Partial, 100%)",2010 Oregon Department of Geology and Mineral Industries (DOGAMI) Lidar: Newberry,2010,1,0.34 m,NOAA,Complete,59,https://coast.noaa.gov/dataviewer/#/lidar/search/where:ID=1452,"OR_DESCHUTES_NEWBERRY_CRATER_OLC_2010,OR_NEWBERRY_2010","2010 Oregon Department of Geology and Mineral Industries (DOGAMI) Lidar: Newberry (2010, QL1, NOAA, Complete, 59%) | 2009 - 2011 Oregon Department of Geology and Mineral Industries (DOGAMI) Lidar: Deschutes (OR) (2010, QL1, NOAA, Complete, 41%)",HOLDER,0.0
KMMV,McMinnville Muni,Oregon,1655,45.19705,-123.13911,0.0,,100.0,,"2023 USGS Oregon Western Lidar (2023, QL1, USGS, Partial, 100%)",2010 Oregon Department of Geology and Mineral Industries (DOGAMI) Lidar: Yambo,2010,1,0.34 m,NOAA,Complete,100,https://gis.dogami.oregon.gov/maps/lidarviewer/,OR_YAMBO_OLC_2010,"2010 Oregon Department of Geology and Mineral Industries (DOGAMI) Lidar: Yambo (2010, QL1, NOAA, Complete, 100%) | 2005 Oregon Dept. of Environmental Quality Yamhill Lidar (2005, QL2, USGS, Complete, 93%)",HOLDER,0.0
KONP,Newport Muni,Oregon,1649,44.57802,-124.06166,0.0,,100.0,CA_West_Coast_LiDAR_2016_B16 QL2 (15%),"2023 USGS Oregon Western Lidar (2023, QL1, USGS, Partial, 100%)",2008 - 2009 Oregon Department of Geology and Mineral Industries (DOGAMI) Lidar: North Coast,2009,1,0.34 m,NOAA,Complete,100,https://coast.noaa.gov/dataviewer/#/lidar/search/where:ID=575,OR_NORTHCOAST_2008-2009,"2016 USGS West Coast El Nino Lidar (WA, OR, CA) (2016, QL1, NOAA, Complete, 4%) | 2008 - 2009 Oregon Department of Geology and Mineral Industries (DOGAMI) Lidar: North Coast (2009, QL1, NOAA, Complete, 100%)",HOLDER,0.0
KNRA,Coupeville NOLF,Washington,1648,48.18776,-122.63159,0.0,,100.0,,,2023 2024 USGS Washington DNR Refresh Lidar,2023,1,0.35m (spec),USGS,Complete,100,https://lidarportal.dnr.wa.gov/,WA_2023-2024Refresh_C26,"2023 2024 USGS Washington DNR Refresh Lidar (2023, QL1, USGS, Complete, 100%) | 2014 Island County, WA Lidar (2014, QL1, USGS, Complete, 100%)",HOLDER,0.0
NV11,Yucca Airstrip,Nevada,1620,36.92844,-116.00788,0.0,,0.0,,,,,,,,,,,,,NOBODY,0.0
PASD,Sand Point,Alaska,1592,55.31762,-160.52463,0.0,,0.0,,,,,,,,,,,,,NOBODY,0.0
KBDN,Bend Muni,Oregon,1588,44.09429,-121.20066,0.0,,100.0,,"2023 USGS Oregon Western Lidar (2023, QL1, USGS, Partial, 100%)",2023 ODF Oregon Private Forest Accords Lidar,2023,1,0.35m,USGS,Complete,100,https://coast.noaa.gov/dataviewer/#/lidar/search/where:ID=14013/details/14013,,"2023 ODF Oregon Private Forest Accords Lidar (2023, QL1, USGS, Complete, 100%)",HOLDER,0.0
KASX,John F. Kennedy Memorial,Wisconsin,1587,46.55119,-90.91368,74.8,USGS one meter x65y516 WI Bayfield 2016;WI_12County_B22;WI_AshlandIronFlorence_2019_D19,0.0,OPR WI Bayfield QL? (14%); WI Bayfield QL? (14%); WI_12County_B22 QL1 (14%); WI_AshlandIronFlorence_2019_D19 QL1 (100%),,"2015 - 2016 3DEP Lidar: Bayfield County, WI",2016,2,0.7 m,USGS,Complete,8,https://coast.noaa.gov/dataviewer/#/lidar/search/where:ID=6337,Bayfield County,"2015 - 2016 3DEP Lidar: Bayfield County, WI (2016, QL2, USGS, Complete, 8%)",USGS-LPC/OPR,100.0
KSIF,Rockingham County NC Shiloh,North Carolina,1585,36.43662,-79.85156,0.0,,100.0,,,2024 North Carolina Statewide - Phase 3 Lidar,2024,1,0.35 m (spec),USGS,Complete,100,https://sdd.nc.gov/,,"2015 NCFMP NC Statewide Lidar - Phase 3 (2015, QL1, USGS, Complete, 100%) | 2024 North Carolina Statewide - Phase 3 Lidar (2024, QL1, USGS, Complete, 100%)",HOLDER,0.0
TSG,Tanacross,Alaska,1553,63.37305,-143.33494,0.0,,0.0,,,,,,,,,,,,,NOBODY,0.0
PAIL,Iliamna,Alaska,1552,59.75334,-154.91382,0.0,,0.0,AK_LakePeninsula_B23 QL1 (100%),,,,,,,,,,,"2023 USGS Alaska Lake and Peninsula Borough (2023, QL1, USGS, Complete, 100%) [USGS LPC]",USGS-LPC/OPR,100.0
M46,Colstrip,,1552,45.85292,-106.70369,0.0,,0.0,,"2018 DNRC QL2 Lidar (2019, QL2, USGS, In Progress, 100%); 2024 USGS Statewide Montana Phase 6 QL2 Lidar (2025, QL2, USGS, Partial, 100%)",,,,,,,,,,,IN-WORK,0.0
KOLF,L M Clayton,Montana,1550,48.0956,-105.57549,0.0,,0.0,,,,,,,,,,,,"2020 Montana Phase 2 QL2 Lidar (2020, QL2, USGS, Complete, 100%)",USIEI-ONLY,0.0
PAOR,Northway,Alaska,1549,62.96185,-141.92609,0.0,,0.0,,,,,,,,,,,,,NOBODY,0.0
Z01,EGLIN AUX FLD 6,,1546,30.63361,-86.74305,0.0,,100.0,,"2025 USGS Florida Western Panhandle Lidar (2025, QL1, USGS, In Progress, 100%)",,,,,,,,,,,IN-WORK,0.0
KTRL,Terrell Muni,Texas,1533,32.71331,-96.26852,0.0,,0.0,,"2024 USGS Texas Statewide Lidar (2025, QL2, USGS, In Progress, 100%)",2020 Texas Natural Resources Information System (TNRIS) Lidar: North and Central Regions Lidar,2020,2,0.438 m (spec),USGS,Complete,100,https://data.geographic.texas.gov/,TX_TNRIS_2020_C21,"2020 Texas Natural Resources Information System (TNRIS) Lidar: North and Central Regions Lidar (2020, QL2, USGS, Complete, 100%) | 2011 Texas Natural Resources Information System (TNRIS) Lidar: North Central Texas (portions of Denton, Collin, Cooke, Grayson and Kaufman Counties) (2011, QL2, USGS, Complete, 100%)",HOLDER,0.0
KRCZ,Richmond County,North Carolina,1532,34.89274,-79.75683,0.0,,100.0,,,2024 North Carolina Statewide - Phase 3 Lidar,2024,1,0.35 m (spec),USGS,Complete,100,https://sdd.nc.gov/,,"2015 NCFMP NC Statewide Lidar - Phase 3 (2015, QL1, USGS, Complete, 100%) | 2024 North Carolina Statewide - Phase 3 Lidar (2024, QL1, USGS, Complete, 100%)",HOLDER,0.0
KUAO,Aurora State,Oregon,1528,45.24918,-122.76725,68.6,OR_OLCMetro_2019_A19;OR_PortlandMetro_B24,100.0,OR_OLCMetro_2019_A19 QL1 (28%); OR_PortlandMetro_B24 QL1 (25%),"2023 USGS Oregon Western Lidar (2023, QL1, USGS, Partial, 85%)",2007 Oregon Department of Geology and Mineral Industries (DOGAMI) Lidar: Portland Metro Area and Mt. Hood,2007,1,0.35 m,NOAA,Complete,100,https://coast.noaa.gov/dataviewer/#/lidar/search/where:ID=8873/details/8873,OR_SANDY_RIVER_2007,"2007 Oregon Department of Geology and Mineral Industries (DOGAMI) Lidar: Portland Metro Area and Mt. Hood (2007, QL1, NOAA, Complete, 100%) | 2014 Portland Metro Lidar (2016, QL1, USGS, Complete, 31%)",HOLDER,20.6
KRBG,Roseburg Rgnl,Oregon,1528,43.23883,-123.35717,0.0,,98.0,,"2023 USGS Oregon Western Lidar (2023, QL1, USGS, Partial, 100%)",2015 Upper Umpqua OR Lidar,2015,1,0.28 m,USGS,Complete,100,https://coast.noaa.gov/dataviewer/#/lidar/search/where:ID=7379,Wallowa-Coos-Umpqua-Rogue Lidar,"2015 Upper Umpqua OR Lidar (2015, QL1, USGS, Complete, 100%)",HOLDER,0.0
KHRJ,Harnett Regl,North Carolina,1528,35.38011,-78.73332,0.0,,100.0,,,2024 North Carolina Statewide - Phase 3 Lidar,2024,1,0.35 m (spec),USGS,Complete,100,https://sdd.nc.gov/,,"2015 NCFMP NC Statewide Lidar - Phase 3 (2015, QL1, USGS, Complete, 100%) | 2024 North Carolina Statewide - Phase 3 Lidar (2024, QL1, USGS, Complete, 100%)",HOLDER,0.0
KSCR,Siler City Muni,North Carolina,1528,35.70525,-79.5053,0.0,,100.0,,,2024 North Carolina Statewide - Phase 3 Lidar,2024,1,0.35 m (spec),USGS,Complete,100,https://sdd.nc.gov/,,"2015 NCFMP NC Statewide Lidar - Phase 3 (2015, QL1, USGS, Complete, 100%) | 2024 North Carolina Statewide - Phase 3 Lidar (2024, QL1, USGS, Complete, 100%)",HOLDER,0.0
KGTU,Georgetown Muni,Texas,1528,30.67935,-97.67647,0.0,,0.0,,"2024 USGS Texas Statewide Lidar (2025, QL2, USGS, In Progress, 100%)",2024 Texas Geographic Information Office (TxGIO) Lidar: Hays and Williamson Counties,2024,2,0.5m,USGS,Complete,100,https://data.geographic.texas.gov/,,"2024 Texas Geographic Information Office (TxGIO) Lidar: Hays and Williamson Counties (2024, QL2, USGS, Complete, 100%) | 2015 City of Georgetown (2014, QL2, USGS, Complete, 100%)",HOLDER,0.0
PASX,Soldotna,Alaska,1527,60.47684,-151.03919,0.0,,100.0,,"2024 USGS Alaska Tazlina Kenai Lidar (2025, QL1, USGS, In Progress, 100%)",,,,,,,,,,,IN-WORK,0.0
PAGK,Gulkana,Alaska,1527,62.15564,-145.45982,0.0,,0.0,,"2024 USGS Alaska Tazlina Kenai Lidar (2025, QL1, USGS, In Progress, 100%)",,,,,,,,,,,IN-WORK,0.0
KMPE,Philadelphia Muni,Mississippi,1527,32.80018,-89.12539,0.0,,100.0,NRCS_Lauderdale_MS_07m_NPS_LiDAR QL2 (100%),"2025 USGS Mississippi Central Lidar (2025, QL1, USGS, In Progress, 100%)","2013 NRCS/USGS Lidar: Lauderdale, MS",2013,2,0.7 m,USGS,Complete,100,http://www.maris.state.ms.us/HTM/DownloadData/LIDAR.html,MS_NRCS-LAUDERDALE_2013,"2013 NRCS/USGS Lidar: Lauderdale, MS (2013, QL2, USGS, Complete, 100%)",USGS-LPC/OPR,100.0
KVDF,Vandenberg,Florida,1527,28.01108,-82.34616,0.0,,100.0,,"2024 USGS Florida Hillsborough Pinellas Lidar (2024, QL1, USGS, In Progress, 100%)",2017 Hillsborough County Florida Lidar,2017,1,0.25 m (spec),USGS,Complete,100,https://watermatters.sharefile.com/share/view/sec902fcb542046a1abc54e0ebebb1a7e/fo34713a-a6b4-42e1-9f5b-49ad0e87f783,FL_2017HillsboroughCounty_C22,"2017 Hillsborough County Florida Lidar (2017, QL1, USGS, Complete, 100%)",HOLDER,0.0
KHFF,Mackall AAF,North Carolina,1526,35.03212,-79.49316,0.0,,100.0,,,2024 North Carolina Statewide - Phase 3 Lidar,2024,1,0.35 m (spec),USGS,Complete,100,https://sdd.nc.gov/,,"2015 NCFMP NC Statewide Lidar - Phase 3 (2015, QL1, USGS, Complete, 100%) | 2024 North Carolina Statewide - Phase 3 Lidar (2024, QL1, USGS, Complete, 100%)",HOLDER,0.0
KCII,Choteau,Montana,1525,47.82529,-112.16901,0.0,,0.0,MT_Statewide_Phase6_D24 QL2 (100%),"MT_StatewideP6_3_D24 QL2 collect 2024/08/27 [Pending publication]; 2024 USGS Statewide Montana Phase 6 QL2 Lidar (2025, QL2, USGS, Partial, 100%); 2020 Montana DNRC QL1 Lidar (2020, QL1, USGS, In Progress, 100%)",,,,,,,,,,,USGS-LPC/OPR,0.0
XKA6,Area 6 Airstrip,,1525,36.9281,-116.0076,0.0,,0.0,,,,,,,,,,,,,NOBODY,0.0
PAKW,Klawok,Alaska,1521,55.58006,-133.07285,0.0,,0.0,AK_Prince_of_Wales_Island_QL1_Lidar_2017_B17 QL1 (99%),,"2017 Prince of Wales, AK Lidar",2017,1,0.35 m,USGS,Complete,84,https://coast.noaa.gov/dataviewer/#/lidar/search/where:ID=8927,AK_PrinceofWalesIsland_2017,"2017 Prince of Wales, AK Lidar (2017, QL1, USGS, Complete, 84%)",USGS-LPC/OPR,100.0
PASH,Shishmaref,Alaska,1517,66.25077,-166.08518,0.0,,0.0,,,,,,,,,,,,,NOBODY,0.0
PAPB,St George,Alaska,1515,56.57658,-169.66371,0.0,,0.0,,,,,,,,,,,,,NOBODY,0.0
KSUO,Rosebud Sioux Tribal,South Dakota,1465,43.25759,-100.85845,0.0,,0.0,,,,,,,,,,,,"2018 NRCS Southwest SD Lidar (2018, QL2, USGS, Complete, 100%)",USIEI-ONLY,0.0
1S3,Tillitt Fld,,1460,46.26914,-106.62116,0.0,,0.0,,"2024 USGS Statewide Montana Phase 6 QL2 Lidar (2025, QL2, USGS, Partial, 100%); 2018 DNRC QL1 Lidar (2019, QL1, USGS, In Progress, 100%)",,,,,,,,,,,IN-WORK,0.0
KHLR,Hood AAF,Texas,1441,31.13812,-97.71454,0.0,,100.0,,"2024 USGS Texas Statewide Lidar (2025, QL2, USGS, In Progress, 100%)",2020 Texas Natural Resources Information System (TNRIS) Lidar: North and Central Regions Lidar,2020,2,0.438 m (spec),USGS,Complete,100,https://data.geographic.texas.gov/,TX_TNRIS_2020_C21,"2011 Texas Natural Resources Information System (TNRIS) Lidar: Bell, Burnet, and McLennan Counties (2011, QL2, USGS, Complete, 100%) | 2020 Texas Natural Resources Information System (TNRIS) Lidar: North and Central Regions Lidar (2020, QL2, USGS, Complete, 100%)",HOLDER,0.0
PANN,Nenana Muni,Alaska,1399,64.54605,-149.08396,0.0,,0.0,,,,,,,,,,,,,NOBODY,0.0
PADU,Unalaska,Alaska,1374,53.89707,-166.54143,0.0,,0.0,,,,,,,,,,,,,NOBODY,0.0
7V2,North Fork Valley,Co,1374,38.83266,-107.64256,0.0,,0.0,,"2024 USGS Colorado New Mexico Gaps Lidar (2024, QL1, USGS, Partial, 100%)",2016 Delta County CO QL2 Lidar,2016,2,0.7 m (spec),USGS,Complete,100,https://coloradohazardmapping.com/,CO_WesternCO_2015_C20,"2016 Delta County CO QL2 Lidar (2016, QL2, USGS, Complete, 100%)",HOLDER,0.0
PAUT,Akutan,Alaska,1373,54.14573,-165.60603,0.0,,0.0,,,,,,,,,,,,,NOBODY,0.0
PAAK,Atka,Alaska,1373,52.21802,-174.20636,0.0,,0.0,,,,,,,,,,,,,NOBODY,0.0
KICR,Winner Regl,South Dakota,1373,43.38845,-99.84242,0.0,,0.0,SD_FY17_NRCS_Lidar_QSI_2017_D17 QL2 (79%),,,,,,,,,,,"2017 NRCS Corson, Dewey, Gregory, Jones, Lyman, Mellette, Tripp, Ziebach QSI Lidar (2018, QL2, USGS, Complete, 100%)",USGS-LPC/OPR,78.9
M75,MALTA,,1369,48.36782,-107.91268,0.0,,0.0,MT_DNRCphase1_2018_C21 QL1 (100%),"MT_DNRCphase1_7_2018 QL1 collect 2018/10/18 [Pending publication]; 2018 DNRC QL1 Phase 1 Lidar (2019, QL1, USGS, In Progress, 100%)",,,,,,,,,,,USGS-LPC/OPR,0.0
PAGM,Gambell,Alaska,1368,63.77331,-171.73319,0.0,,0.0,,,,,,,,,,,,,NOBODY,0.0
PAPC,PORT CLARENCE CGS,Alaska,1366,65.25369,-166.85944,0.0,,0.0,,,,,,,,,,,,"2023 USGS Alaska Typhoon Merbok Part 4 of 4 Lidar (2024, QL1, USGS, Complete, 100%)",USIEI-ONLY,0.0
KTKV,Tomahawk Rgnl,Wisconsin,1344,45.46841,-89.79897,45.2,WI_12County_B22,100.0,Lincoln_County_WI_QL2_LiDAR_BAA QL2 (100%); WI LincolnCo QL? (100%),"2026 USGS Wisconsin 8 County Lidar (2026, QL1, USGS, In Progress, 100%)",2015 Lincoln County WI Lidar,2015,2,0.65 m,USGS,Complete,100,https://geodata.wisc.edu/catalog/7fe60622-2170-4f3e-9a4f-420f8985404f,"Lincoln County,WI QL2 LiDAR BAA","2015 Lincoln County WI Lidar (2015, QL2, USGS, Complete, 100%)",USGS-LPC/OPR,0.0
42S,POPLAR,,1340,48.13214,-105.16362,0.0,,0.0,,,,,,,,,,,,"2020 Montana Phase 2 QL2 Lidar (2020, QL2, USGS, Complete, 100%)",USIEI-ONLY,0.0
T31,Aero Country,Texas,1328,33.20949,-96.74319,18.9,TX_Pecos_Dallas_2018_D19,0.0,,"2024 USGS Texas Statewide Lidar (2025, QL2, USGS, In Progress, 100%)",2020 Texas Natural Resources Information System (TNRIS) Lidar: North and Central Regions Lidar,2020,2,0.438 m (spec),USGS,Complete,100,https://data.geographic.texas.gov/,TX_TNRIS_2020_C21,"2020 Texas Natural Resources Information System (TNRIS) Lidar: North and Central Regions Lidar (2020, QL2, USGS, Complete, 100%) | 2011 Texas Natural Resources Information System (TNRIS) Lidar: North Central Texas (portions of Denton, Collin, Cooke, Grayson and Kaufman Counties) (2011, QL2, USGS, Complete, 100%)",HOLDER,0.0
W77,Sanford-Lee County Brick Field,,1313,35.43365,-79.18219,0.0,,100.0,,,2024 North Carolina Statewide - Phase 3 Lidar,2024,1,0.35 m (spec),USGS,Complete,100,https://sdd.nc.gov/,,"2015 NCFMP NC Statewide Lidar - Phase 3 (2015, QL1, USGS, Complete, 100%) | 2024 North Carolina Statewide - Phase 3 Lidar (2024, QL1, USGS, Complete, 100%)",HOLDER,0.0
PAWD,Seward,Alaska,1294,60.12984,-149.42134,0.0,,100.0,,,,,,,,,,,,,NOBODY,0.0
KLUD,Decatur Muni,Texas,1285,33.25429,-97.58192,0.0,,0.0,,"2024 USGS Texas Statewide Lidar (2025, QL2, USGS, In Progress, 100%)",2020 Texas Natural Resources Information System (TNRIS) Lidar: North and Central Regions Lidar,2020,2,0.438 m (spec),USGS,Complete,100,https://data.geographic.texas.gov/,TX_TNRIS_2020_C21,"2020 Texas Natural Resources Information System (TNRIS) Lidar: North and Central Regions Lidar (2020, QL2, USGS, Complete, 100%) | 2010 Texas Natural Resources Information System (TNRIS) Lidar: Montague, Cooke, Grayson, and  Wise Counties (2010, QL2, USGS, Complete, 100%)",HOLDER,0.0
48S,HARLEM,,1253,48.56407,-108.76999,0.0,,0.0,MT_DNRCphase1_2018_C21 QL1 (100%),"MT_DNRCphase1_8_2018 QL1 collect 2018/10/19 [Pending publication]; 2018 DNRC QL1 Phase 1 Lidar (2019, QL1, USGS, In Progress, 100%)",,,,,,,,,,,USGS-LPC/OPR,0.0
KFBG,Simmons Army Airfield,North Carolina,1253,35.13123,-78.93808,0.0,,100.0,,,2024 North Carolina Statewide - Phase 3 Lidar,2024,1,0.35 m (spec),USGS,Complete,100,https://sdd.nc.gov/,,"2015 NCFMP NC Statewide Lidar - Phase 3 (2015, QL1, USGS, Complete, 100%) | 2024 North Carolina Statewide - Phase 3 Lidar (2024, QL1, USGS, Complete, 100%)",HOLDER,0.0
D17,Westwinds,Colorado,1252,38.75937,-108.14586,0.0,,0.0,CO_CONMGaps_D24 QL1 (100%),"CO_CONMGaps_3_D24 QL1 collect 2024/09/21 [Pending publication]; 2024 USGS Colorado New Mexico Gaps Lidar (2024, QL1, USGS, Partial, 100%)",2016 Delta County CO QL2 Lidar,2016,2,0.7 m (spec),USGS,Complete,100,https://coloradohazardmapping.com/,CO_WesternCO_2015_C20,"2016 Delta County CO QL2 Lidar (2016, QL2, USGS, Complete, 100%)",USGS-LPC/OPR,0.0
43A,Montgomery County,South Carolina,1225,35.38549,-79.78911,0.0,,100.0,,,2024 North Carolina Statewide - Phase 3 Lidar,2024,1,0.35 m (spec),USGS,Complete,100,https://sdd.nc.gov/,,"2015 NCFMP NC Statewide Lidar - Phase 3 (2015, QL1, USGS, Complete, 100%) | 2024 North Carolina Statewide - Phase 3 Lidar (2024, QL1, USGS, Complete, 100%)",HOLDER,0.0
KRED,RED LODGE,Montana,1222,45.18629,-109.25455,0.0,,0.0,MT_Statewide_Phase6_D24 QL2 (100%),"MT_StatewideP6_2_D24 QL2 collect 2024/08/21 [Pending publication]; 2024 USGS Statewide Montana Phase 6 QL2 Lidar (2025, QL2, USGS, Partial, 100%); 2018 DNRC QL1 Lidar (2019, QL1, USGS, In Progress, 100%)",,,,,,,,,,,USGS-LPC/OPR,0.0
64S,Prospect State,,1222,42.74423,-122.48664,0.0,,0.5,,"2023 USGS Oregon Western Lidar (2023, QL1, USGS, Partial, 100%)",2015 Upper Rogue OR Lidar,2015,1,0.29 m,USGS,Complete,100,https://coast.noaa.gov/dataviewer/#/lidar/search/where:ID=6320,Wallowa-Coos-Umpqua-Rogue Lidar,"2015 Upper Rogue OR Lidar (2015, QL1, USGS, Complete, 100%)",HOLDER,0.0
PABV,Birchwood,Alaska,1221,61.41585,-149.50915,0.0,,100.0,Anchorage_Lidar QL2 (100%),,"2015 Anchorage, AK Lidar",2015,2,0.7 m,USGS,Complete,100,https://elevation.alaska.gov/,AK_Anchorage_2015,"2015 Anchorage, AK Lidar (2015, QL2, USGS, Complete, 100%) | 2019 ANC Earthquake AK Lidar (2019, QL2, USGS, Complete, 90%)",USGS-LPC/OPR,100.0
CCH3,Blissville,,1221,45.60544,-66.54403,0.0,,0.0,,,,,,,,,,,,,NOBODY,0.0
3S8,Grants Pass,OR,1221,42.50946,-123.38847,0.0,,100.0,,"2023 USGS Oregon Western Lidar (2023, QL1, USGS, Partial, 100%)",2012 Oregon Department of Geology and Mineral Industries (DOGAMI) Lidar: Rogue River,2012,1,0.35 m,USGS,Complete,100,https://coast.noaa.gov/dataviewer/#/lidar/search/where:ID=6369,OR_OLC-ROGUE_2012,"2012 Oregon Department of Geology and Mineral Industries (DOGAMI) Lidar: Rogue River (2012, QL1, USGS, Complete, 100%)",HOLDER,0.0
M13,Poplarville-Pearl River County,Mississippi,1221,30.79044,-89.50465,0.0,,100.0,MS_Coastal_QL2_LiDAR_with_3DEP_Extension QL2 (100%),"2025 USGS Mississippi Southern Lidar (2025, QL1, USGS, Partial, 100%)",2015 MDEQ Lidar: Coastal MS QL2,2015,2,0.7 m,USGS,Complete,100,http://www.maris.state.ms.us/HTM/DownloadData/LIDAR.html,MS_Coastal-3DEPExt-Coastal-AOI_2015,"2015 MDEQ Lidar: Coastal MS QL2 (2015, QL2, USGS, Complete, 100%)",USGS-LPC/OPR,0.0
KBMT,Beaumont Muni,Texas,1221,30.06925,-94.2119,0.0,,100.0,,"2024 USGS Texas Statewide Lidar (2025, QL2, USGS, In Progress, 100%)","2017 TNRIS Lidar: Jefferson, Liberty, and Chambers",2017,2,0.48 m,USGS,Complete,100,https://coast.noaa.gov/dataviewer/#/lidar/search/where:ID=9040/details/9040,TX_SETX3County_2017_C20,"2017 TNRIS Lidar: Jefferson, Liberty, and Chambers (2017, QL2, USGS, Complete, 100%)",HOLDER,0.0
KFOZ,Bigfork Muni,Minnesota,1219,47.78089,-93.64681,0.0,,0.0,MN_UpperMissRiver_B22 QL1 (100%),,,,,,,,,,,"2022 USGS Minnesota Upper Mississippi River Lidar (2022, QL1, USGS, Complete, 100%) [USGS LPC]",USGS-LPC/OPR,100.0
S71,EDGAR G OBIE,,1218,48.59217,-109.24576,0.0,,0.0,MT_DNRCphase1_2018_C21 QL1 (100%),"MT_DNRCphase1_8_2018 QL1 collect 2018/10/19 [Pending publication]; 2018 DNRC QL1 Phase 1 Lidar (2019, QL1, USGS, In Progress, 100%)",,,,,,,,,,,USGS-LPC/OPR,0.0
PAMR,Merrill Field,Alaska,1216,61.2135,-149.84197,0.0,,100.0,Anchorage_Lidar QL2 (100%),,2019 ANC Earthquake AK Lidar,2019,2,0.7 m (spec),USGS,Complete,100,https://elevation.alaska.gov/,AK_ANC_Earthquake_2019_D19,"2015 Anchorage, AK Lidar (2015, QL2, USGS, Complete, 100%) | 2019 ANC Earthquake AK Lidar (2019, QL2, USGS, Complete, 100%)",USGS-LPC/OPR,100.0
PAHN,Haines,Alaska,1215,59.24481,-135.52455,0.0,,0.0,,,"2020 AK DGGS Lidar: Haines, AK",2020,9,0.15 m,USGS,Complete,91,https://elevation.alaska.gov/,,"2020 AK DGGS Lidar: Haines, AK (2020, QL9, USGS, Complete, 91%)",HOLDER,0.0
N58,Samsarg Fld,Nevada,1213,39.55961,-119.24086,0.0,,0.0,NV_WestCentral_EarthMRI_2020_D20 QL2 (100%),,,,,,,,,,,"2020 West Central NV Lidar (2020, QL2, USGS, Complete, 100%) [USGS LPC]",USGS-LPC/OPR,100.0
PAFE,Kake,Alaska,1212,56.96461,-133.916,0.0,,0.0,AK_PrinceOfWalesP2_2018_B18 QL1 (99%),,2018 Prince of Wales Lidar Phase II,2018,1,0.35 m,USGS,Complete,92,https://coast.noaa.gov/dataviewer/#/lidar/search/where:ID=9076/details/9076,"AK_POW_P2_2018,AK_POW_P2_TL_2018","2018 Prince of Wales Lidar Phase II (2018, QL1, USGS, Complete, 92%)",USGS-LPC/OPR,100.0
PACL,Clear,Alaska,1211,64.30056,-149.11823,0.0,,0.0,,,,,,,,,,,,,NOBODY,0.0
PAPO,Point Hope,Alaska,1210,68.34656,-166.79739,0.0,,0.0,AK_NorthSlopeBorough_2018_B18 QL1 (93%),,2018 - 2019 North Slope Borough AK Lidar QL1,2018,1,0.35 m,USGS,Complete,90,https://coast.noaa.gov/dataviewer/#/lidar/search/where:ID=9197/details/9197,"AK_NorthSlope_B10_2018,AK_NorthSlope_B11_2018,AK_NorthSlope_B1_2018,AK_NorthSlope_B2_2018,AK_NorthSlope_B3_2018,AK_NorthSlope_B4_2018","2018 - 2019 North Slope Borough AK Lidar QL2 (2018, QL2, USGS, Complete, 1%) | 2018 - 2019 North Slope Borough AK Lidar QL1 (2018, QL1, USGS, Complete, 90%)",USGS-LPC/OPR,90.4
KPCM,Plant City Muni,Florida,1203,28.00095,-82.16329,0.0,,100.0,,"2024 USGS Florida Hillsborough Pinellas Lidar (2024, QL1, USGS, In Progress, 100%)",2017 Hillsborough County Florida Lidar,2017,1,0.25 m (spec),USGS,Complete,100,https://watermatters.sharefile.com/share/view/sec902fcb542046a1abc54e0ebebb1a7e/fo34713a-a6b4-42e1-9f5b-49ad0e87f783,FL_2017HillsboroughCounty_C22,"2017 Hillsborough County Florida Lidar (2017, QL1, USGS, Complete, 100%)",HOLDER,0.0
