fate,family,roles,side,lat,lon,magnitude_m,grade_pct,cap_pct,distance_m,way_a,way_b
GONE_pre_only,transverse,service_junction|service_junction,groundside,25.27267065482,51.60216416334,0.1879,5.3961,,3.482,-10531,-10531
GONE_pre_only,transverse,service_junction|service_junction,groundside,25.27267065482,51.60216416334,0.4163,12.491,,3.333,-10531,-10531
GONE_pre_only,transverse,service_junction|service_junction,groundside,25.27268376450,51.60220349872,0.3613,4.9893,,7.241,-10530,-10530
GONE_pre_only,transverse,service_junction|service_junction,groundside,25.27267065482,51.60216416334,0.6447,20.2457,,3.184,-10531,-10531
GONE_pre_only,transverse,service_junction|service_junction,groundside,25.27268376450,51.60220349872,0.5801,7.7522,,7.483,-10530,-10530
GONE_pre_only,transverse,service_junction|service_junction,groundside,25.27267065482,51.60216416334,0.8731,28.7599,,3.036,-10531,-10531
GONE_pre_only,transverse,service_junction|service_junction,groundside,25.27268376450,51.60220349872,0.7989,10.3421,,7.725,-10530,-10530
GONE_pre_only,transverse,service_junction|service_junction,groundside,25.27268376450,51.60220349872,0.8969,11.4542,,7.83,-10530,-10530
GONE_pre_only,transverse,service_junction|service_junction,groundside,25.27268376450,51.60220349872,0.8546,10.7294,,7.965,-10530,-10530
GONE_pre_only,transverse,service_junction|service_junction,groundside,25.27268376450,51.60220349872,0.7749,9.6023,,8.07,-10530,-10530
GONE_pre_only,transverse,service_junction|service_junction,groundside,25.27268376450,51.60220349872,0.6727,8.1986,,8.205,-10530,-10530
GONE_pre_only,transverse,service_junction|service_junction,groundside,25.27268376450,51.60220349872,0.5929,7.1358,,8.309,-10530,-10530
GONE_pre_only,transverse,service_junction|service_junction,groundside,25.27268376450,51.60220349872,0.4907,5.8112,,8.444,-10530,-10530
GONE_pre_only,transverse,service_junction|service_junction,groundside,25.27268376450,51.60220349872,0.4109,4.8074,,8.548,-10530,-10530
GONE_pre_only,transverse,service_junction|service_junction,groundside,25.27268376450,51.60220349872,0.3087,3.5554,,8.683,-10530,-10530
GONE_pre_only,transverse,service_junction|service_junction,groundside,25.27171596569,51.60316000011,0.3865,5.0985,,7.581,-10563,-10563
GONE_pre_only,transverse,service_junction|service_junction,groundside,25.27171596569,51.60316000011,0.2722,3.5657,,7.633,-10563,-10563
GONE_pre_only,transverse,service_junction|service_junction,groundside,25.27174148304,51.60323356388,0.2534,4.9472,,5.123,-10544,-10544
GONE_pre_only,transverse,service_junction|service_junction,groundside,25.27174148304,51.60323356388,0.485,13.0913,,3.705,-10544,-10544
GONE_pre_only,transverse,service_junction|service_junction,groundside,25.27197212793,51.60376611455,0.43,3.8684,,11.116,-10546,-10546
GONE_pre_only,within_shape,service_junction|service_junction,groundside,25.27153361531,51.60289951988,1.3,11.4941,,11.31,-10520,-10520
GONE_pre_only,within_shape,groundside_pavement|groundside_pavement,groundside,25.27155102027,51.60294064601,1.86,9.446,,19.691,-11486,-11486
GONE_pre_only,within_shape,groundside_pavement|groundside_pavement,groundside,25.27155480857,51.60295306484,1.87,8.3751,,22.328,-11486,-11486
GONE_pre_only,within_shape,service_junction|service_junction,groundside,25.27150519262,51.60291238470,1.36,10.3193,,13.179,-10520,-10520
GONE_pre_only,within_shape,groundside_pavement|groundside_pavement,groundside,25.27161110582,51.60299112902,0.99,9.4545,,10.471,-11486,-11486
GONE_pre_only,within_shape,service_junction|service_junction,groundside,25.27152401232,51.60296458905,1.41,20.5266,,6.869,-10520,-10520
GONE_pre_only,within_shape,groundside_pavement|groundside_pavement,groundside,25.27156738557,51.60299190711,1.36,15.5396,,8.752,-11486,-11486
GONE_pre_only,within_shape,groundside_pavement|groundside_pavement,groundside,25.27157117388,51.60300432594,1.37,12.0316,,11.387,-11486,-11486
GONE_pre_only,within_shape,groundside_pavement|groundside_pavement,groundside,25.27160237582,51.60303830902,0.75,16.1067,,4.656,-11486,-11486
GONE_pre_only,within_shape,groundside_pavement|groundside_pavement,groundside,25.27160616413,51.60305072785,0.76,19.6954,,3.859,-11486,-11486
GONE_pre_only,within_shape,service_road|service_road,groundside,25.25399975763,51.60323971690,1.5,9.0841,,16.512,-10082,-10082
GONE_pre_only,within_shape,junction|junction,airside,25.25422072500,51.60348784000,1.3,6.6217,,19.632,-10083,-10083
GONE_pre_only,within_shape,groundside_pavement|groundside_pavement,groundside,25.27611562936,51.60411257525,0.3,8.9312,,3.359,-11492,-11492
GONE_pre_only,within_shape,groundside_pavement|groundside_pavement,groundside,25.27610943463,51.60411531521,0.3,16.0118,,1.874,-11492,-11492
GONE_pre_only,within_shape,groundside_pavement|groundside_pavement,groundside,25.27609301626,51.60412257712,0.3,14.5399,,2.063,-11492,-11492
GONE_pre_only,within_shape,groundside_pavement|groundside_pavement,groundside,25.27585615469,51.60421104418,0.3,9.528,,3.149,-11492,-11492
GONE_pre_only,within_shape,groundside_pavement|groundside_pavement,groundside,25.27585632585,51.60421096966,0.3,9.0066,,3.331,-11492,-11492
GONE_pre_only,within_shape,groundside_pavement|groundside_pavement,groundside,25.27587707295,51.60421808976,0.3,12.4519,,2.409,-11492,-11492
GONE_pre_only,within_shape,groundside_pavement|groundside_pavement,groundside,25.27586247239,51.60422454765,0.3,27.4788,,1.092,-11492,-11492
GONE_pre_only,within_shape,groundside_pavement|groundside_pavement,groundside,25.27585424826,51.60422818521,0.3,9.7918,,3.064,-11492,-11492
GONE_pre_only,within_shape,groundside_pavement|groundside_pavement,groundside,25.27523938281,51.60450014280,0.3,59.9989,,0.5,-11492,-11492
GONE_pre_only,within_shape,groundside_pavement|groundside_pavement,groundside,25.27498185069,51.60459787325,0.3,9.3784,,3.199,-11492,-11492
GONE_pre_only,within_shape,groundside_pavement|groundside_pavement,groundside,25.27500269937,51.60460482888,0.3,10.9227,,2.747,-11492,-11492
GONE_pre_only,within_shape,groundside_pavement|groundside_pavement,groundside,25.27498688095,51.60461182542,0.3,28.668,,1.046,-11492,-11492
GONE_pre_only,within_shape,groundside_pavement|groundside_pavement,groundside,25.27484047849,51.60466042077,0.3,9.1029,,3.296,-11492,-11492
GONE_pre_only,within_shape,groundside_pavement|groundside_pavement,groundside,25.27483099794,51.60466461665,0.3,9.4709,,3.168,-11492,-11492
GONE_pre_only,within_shape,groundside_pavement|groundside_pavement,groundside,25.27485307669,51.60467100761,0.3,9.582,,3.131,-11492,-11492
GONE_pre_only,within_shape,groundside_pavement|groundside_pavement,groundside,25.27484564596,51.60467429426,0.3,22.2373,,1.349,-11492,-11492
GONE_pre_only,within_shape,groundside_pavement|groundside_pavement,groundside,25.27483029009,51.60468108622,0.3,12.8588,,2.333,-11492,-11492
GONE_pre_only,within_shape,groundside_pavement|groundside_pavement,groundside,25.27475049951,51.60471637793,0.3,13.2011,,2.273,-11492,-11492
GONE_pre_only,within_shape,groundside_pavement|groundside_pavement,groundside,25.27473465252,51.60472338712,0.3,19.6419,,1.527,-11492,-11492
GONE_pre_only,within_shape,groundside_pavement|groundside_pavement,groundside,25.27472767569,51.60472647301,0.3,9.3741,,3.2,-11492,-11492
GONE_pre_only,within_shape,groundside_pavement|groundside_pavement,groundside,25.27461221380,51.60476141445,0.3,9.1164,,3.291,-11492,-11492
GONE_pre_only,within_shape,groundside_pavement|groundside_pavement,groundside,25.27462435363,51.60477217279,0.3,9.9189,,3.025,-11492,-11492
GONE_pre_only,within_shape,groundside_pavement|groundside_pavement,groundside,25.27461641615,51.60477568356,0.3,26.7565,,1.121,-11492,-11492
GONE_pre_only,within_shape,groundside_pavement|groundside_pavement,groundside,25.27460152466,51.60478227014,0.3,12.2471,,2.45,-11492,-11492
GONE_pre_only,within_shape,service_road|service_road,groundside,25.25568826025,51.60799312296,3.88,14.0855,,27.546,-10085,-10085
GONE_pre_only,within_shape,service_road|service_road,groundside,25.25572046485,51.60810061126,3.68,10.0009,,36.797,-10085,-10085
GONE_pre_only,within_shape,apron|apron,airside,25.27566917076,51.61356604345,0.47,1.2301,,38.208,-10271,-10271
GONE_pre_only,within_shape,apron|apron,airside,25.27577542444,51.61365624108,0.66,1.5487,,42.615,-10270,-10270
GONE_pre_only,within_shape,apron|apron,airside,25.27589319357,51.61371773393,0.66,1.5024,,43.93,-10270,-10270
GONE_pre_only,within_shape,apron|apron,airside,25.27592149682,51.61371838965,0.59,1.2123,,48.667,-10270,-10270
GONE_pre_only,within_shape,apron|apron,airside,25.27588623163,51.61373044974,0.66,1.6073,,41.063,-10270,-10270
GONE_pre_only,within_shape,apron|apron,airside,25.27565201500,51.61384071500,0.17,2.3891,,7.116,-10273,-10273
NEW_frozen_only,lateral_contiguity,service_junction|service_junction,groundside,25.28499214923,51.60688233763,0.07,8.0,,0.0,-10528,-10528
NEW_frozen_only,lateral_contiguity,service_junction|service_junction,groundside,25.28484626283,51.60693210809,0.07,8.0,,0.0,-10515,-10515
NEW_frozen_only,transverse,service_junction|service_junction,groundside,25.27266996886,51.60216427999,0.1871,5.3323,,3.508,-10667,-10667
NEW_frozen_only,transverse,service_junction|service_junction,groundside,25.27266996886,51.60216427999,0.4136,12.0905,,3.421,-10667,-10667
NEW_frozen_only,transverse,service_junction|service_junction,groundside,25.27268358464,51.60220432377,0.2668,3.5192,,7.58,-10666,-10666
NEW_frozen_only,transverse,service_junction|service_junction,groundside,25.27268358464,51.60220432377,0.4074,5.2913,,7.699,-10666,-10666
NEW_frozen_only,transverse,service_junction|service_junction,groundside,25.27266996886,51.60216427999,0.64,19.2005,,3.333,-10667,-10667
NEW_frozen_only,transverse,service_junction|service_junction,groundside,25.27268358464,51.60220432377,0.5203,6.6787,,7.79,-10666,-10666
NEW_frozen_only,transverse,service_junction|service_junction,groundside,25.27268358464,51.60220432377,0.6608,8.3559,,7.909,-10666,-10666
NEW_frozen_only,transverse,service_junction|service_junction,groundside,25.27266996886,51.60216427999,0.8664,26.6931,,3.246,-10667,-10667
NEW_frozen_only,transverse,service_junction|service_junction,groundside,25.27268358464,51.60220432377,0.7738,9.6722,,8.0,-10666,-10666
NEW_frozen_only,transverse,service_junction|service_junction,groundside,25.27268358464,51.60220432377,0.9143,11.2618,,8.119,-10666,-10666
NEW_frozen_only,transverse,service_junction|service_junction,groundside,25.27266996886,51.60216427999,0.9298,29.4279,,3.16,-10667,-10667
NEW_frozen_only,transverse,service_junction|service_junction,groundside,25.27268358464,51.60220432377,1.0273,12.5125,,8.211,-10666,-10666
NEW_frozen_only,transverse,service_junction|service_junction,groundside,25.27268358464,51.60220432377,1.0048,12.0649,,8.328,-10666,-10666
NEW_frozen_only,transverse,service_junction|service_junction,groundside,25.27266996886,51.60216427999,0.7555,24.5688,,3.075,-10667,-10667
NEW_frozen_only,transverse,service_junction|service_junction,groundside,25.27268358464,51.60220432377,0.94,11.166,,8.418,-10666,-10666
NEW_frozen_only,transverse,service_junction|service_junction,groundside,25.27268358464,51.60220432377,0.8575,10.0458,,8.536,-10666,-10666
NEW_frozen_only,transverse,service_junction|service_junction,groundside,25.27268358464,51.60220432377,0.7927,9.1898,,8.626,-10666,-10666
NEW_frozen_only,transverse,service_junction|service_junction,groundside,25.27268358464,51.60220432377,0.7102,8.1226,,8.743,-10666,-10666
NEW_frozen_only,transverse,service_junction|service_junction,groundside,25.27268358464,51.60220432377,0.6454,7.3064,,8.834,-10666,-10666
NEW_frozen_only,transverse,service_junction|service_junction,groundside,25.27268358464,51.60220432377,0.5629,6.2886,,8.951,-10666,-10666
NEW_frozen_only,transverse,service_junction|service_junction,groundside,25.27268358464,51.60220432377,0.4677,5.2263,,8.949,-10666,-10666
NEW_frozen_only,transverse,service_junction|service_junction,groundside,25.27268358464,51.60220432377,0.3194,3.6019,,8.867,-10666,-10666
NEW_frozen_only,transverse,service_junction|service_junction,groundside,25.25413678628,51.60261718736,0.7765,3.2949,,23.568,-10690,-10690
NEW_frozen_only,transverse,service_junction|service_junction,groundside,25.25413678628,51.60261718736,0.2637,6.1099,,4.316,-10690,-10690
NEW_frozen_only,transverse,service_junction|service_junction,groundside,25.27169647590,51.60300375391,1.3341,6.7133,,19.872,-10702,-10702
NEW_frozen_only,transverse,service_junction|service_junction,groundside,25.27169647590,51.60300375391,1.3516,6.802,,19.87,-10702,-10702
NEW_frozen_only,transverse,service_junction|service_junction,groundside,25.27169647590,51.60300375391,0.8099,2.6482,,30.585,-10702,-10702
NEW_frozen_only,transverse,service_junction|service_junction,groundside,25.27169647590,51.60300375391,1.5709,7.9165,,19.844,-10702,-10702
NEW_frozen_only,transverse,service_junction|service_junction,groundside,25.27169647590,51.60300375391,1.0743,4.2785,,25.109,-10702,-10702
NEW_frozen_only,transverse,service_junction|service_junction,groundside,25.27169647590,51.60300375391,0.6088,3.9385,,15.457,-10702,-10702
NEW_frozen_only,transverse,service_junction|service_junction,groundside,25.27169647590,51.60300375391,1.2173,6.1531,,19.783,-10702,-10702
NEW_frozen_only,transverse,service_junction|service_junction,groundside,25.27169647590,51.60300375391,1.17,5.9159,,19.778,-10702,-10702
NEW_frozen_only,transverse,service_junction|service_junction,groundside,25.27149566944,51.60290456363,0.2702,3.944,,6.851,-10655,-10655
NEW_frozen_only,transverse,service_junction|service_junction,groundside,25.27169647590,51.60300375391,0.4411,2.588,,17.044,-10702,-10702
NEW_frozen_only,transverse,service_junction|service_junction,groundside,25.27169647590,51.60300375391,0.5154,8.5088,,6.057,-10702,-10702
NEW_frozen_only,transverse,service_junction|service_junction,groundside,25.27189755477,51.60309228062,0.2737,3.6311,,7.537,-10704,-10704
NEW_frozen_only,transverse,service_junction|service_junction,groundside,25.27169647590,51.60300375391,0.1886,5.5871,,3.375,-10702,-10702
NEW_frozen_only,transverse,service_junction|service_junction,groundside,25.27160826480,51.60321414924,0.3376,4.7401,,7.122,-10653,-10653
NEW_frozen_only,transverse,service_junction|service_junction,groundside,25.27174148304,51.60323356388,0.5299,10.8768,,4.872,-10682,-10682
NEW_frozen_only,transverse,service_junction|service_junction,groundside,25.27160826480,51.60321414924,0.3497,4.8983,,7.14,-10653,-10653
NEW_frozen_only,transverse,service_junction|service_junction,groundside,25.27197212793,51.60376611455,0.4145,3.7978,,10.914,-10684,-10684
NEW_frozen_only,transverse,service_junction|service_junction,groundside,25.24812636543,51.60673650813,0.22,3.6806,,5.977,-10916,-10916
NEW_frozen_only,transverse,service_junction|service_junction,groundside,25.25581591534,51.60896810161,0.3685,5.9679,,6.175,-10936,-10936
NEW_frozen_only,transverse,service_junction|service_junction,groundside,25.25581591534,51.60896810161,0.4777,7.8754,,6.065,-10936,-10936
NEW_frozen_only,transverse,service_junction|service_junction,groundside,25.25581591534,51.60896810161,0.4396,7.1201,,6.174,-10936,-10936
NEW_frozen_only,transverse,service_junction|service_junction,groundside,25.25581591534,51.60896810161,0.4661,7.4617,,6.246,-10936,-10936
NEW_frozen_only,transverse,service_junction|service_junction,groundside,25.25581591534,51.60896810161,0.3246,5.4106,,6.0,-10936,-10936
NEW_frozen_only,transverse,service_junction|service_junction,groundside,25.25581591534,51.60896810161,0.5321,9.7214,,5.473,-10936,-10936
NEW_frozen_only,transverse,service_junction|service_junction,groundside,25.25581591534,51.60896810161,0.2301,3.8279,,6.01,-10936,-10936
NEW_frozen_only,transverse,service_junction|service_junction,groundside,25.25581591534,51.60896810161,0.7293,13.7295,,5.312,-10936,-10936
NEW_frozen_only,transverse,service_junction|service_junction,groundside,25.25581591534,51.60896810161,0.8131,14.209,,5.722,-10936,-10936
NEW_frozen_only,transverse,service_junction|service_junction,groundside,25.25581591534,51.60896810161,0.7577,12.6283,,6.0,-10936,-10936
NEW_frozen_only,transverse,service_junction|service_junction,groundside,25.25581591534,51.60896810161,0.4723,7.8709,,6.001,-10936,-10936
NEW_frozen_only,transverse,service_junction|service_junction,groundside,25.25581591534,51.60896810161,0.4736,7.8804,,6.01,-10936,-10936
NEW_frozen_only,transverse,service_junction|service_junction,groundside,25.25581591534,51.60896810161,0.4531,7.5409,,6.008,-10936,-10936
NEW_frozen_only,transverse,service_junction|service_junction,groundside,25.25581591534,51.60896810161,0.4819,8.0172,,6.01,-10936,-10936
NEW_frozen_only,transverse,service_junction|service_junction,groundside,25.25581591534,51.60896810161,0.4808,8.0097,,6.002,-10936,-10936
NEW_frozen_only,transverse,service_junction|service_junction,groundside,25.25581591534,51.60896810161,0.3806,6.279,,6.061,-10936,-10936
NEW_frozen_only,transverse,service_junction|service_junction,groundside,25.25581591534,51.60896810161,0.2326,5.1038,,4.558,-10936,-10936
NEW_frozen_only,transverse,service_junction|service_junction,groundside,25.25281127378,51.62058711682,0.5314,4.6263,,11.486,-10992,-10992
NEW_frozen_only,transverse,service_junction|service_junction,groundside,25.25281127378,51.62058711682,0.4935,3.4708,,14.218,-10992,-10992
NEW_frozen_only,transverse,service_junction|service_junction,groundside,25.25281127378,51.62058711682,0.5114,4.3262,,11.82,-10992,-10992
NEW_frozen_only,transverse,service_junction|service_junction,groundside,25.25281127378,51.62058711682,0.2998,4.9966,,6.001,-10992,-10992
NEW_frozen_only,transverse,service_junction|service_junction,groundside,25.25281127378,51.62058711682,0.2988,4.9802,,6.0,-10992,-10992
NEW_frozen_only,transverse,service_junction|service_junction,groundside,25.25281127378,51.62058711682,0.5474,6.133,,8.926,-10992,-10992
NEW_frozen_only,transverse,service_junction|service_junction,groundside,25.25281127378,51.62058711682,0.2801,4.6676,,6.0,-10992,-10992
NEW_frozen_only,transverse,service_junction|service_junction,groundside,25.25281127378,51.62058711682,0.3964,6.7692,,5.856,-10992,-10992
NEW_frozen_only,transverse,service_junction|service_junction,groundside,25.25281127378,51.62058711682,0.2785,4.6423,,6.0,-10992,-10992
NEW_frozen_only,transverse,service_junction|service_junction,groundside,25.25281127378,51.62058711682,0.2596,4.3157,,6.015,-10992,-10992
NEW_frozen_only,transverse,service_junction|service_junction,groundside,25.25281127378,51.62058711682,0.2601,4.3354,,6.0,-10992,-10992
NEW_frozen_only,transverse,service_junction|service_junction,groundside,25.25281127378,51.62058711682,0.2499,4.1644,,6.001,-10992,-10992
NEW_frozen_only,transverse,service_junction|service_junction,groundside,25.25281127378,51.62058711682,0.2393,3.9891,,6.0,-10992,-10992
NEW_frozen_only,within_shape,service_junction|service_junction,groundside,25.27152680428,51.60254215090,3.45,21.5125,,16.037,-10942,-10942
NEW_frozen_only,within_shape,service_junction|service_junction,groundside,25.25411401149,51.60253531358,0.49,15.784,,3.104,-10690,-10690
NEW_frozen_only,within_shape,service_junction|service_junction,groundside,25.25409280443,51.60254219007,0.49,10.5391,,4.649,-10690,-10690
NEW_frozen_only,within_shape,service_junction|service_junction,groundside,25.27153965728,51.60258148918,3.13,18.7469,,16.696,-10942,-10942
NEW_frozen_only,within_shape,service_junction|service_junction,groundside,25.27154441846,51.60259534643,3.14,19.0107,,16.517,-10942,-10942
NEW_frozen_only,within_shape,groundside_pavement|groundside_pavement,groundside,25.25421655280,51.60273003517,0.4,20.1232,,1.988,-10691,-10691
NEW_frozen_only,within_shape,groundside_pavement|groundside_pavement,groundside,25.25422237412,51.60273018497,0.43,13.0931,,3.284,-10691,-10691
NEW_frozen_only,within_shape,groundside_pavement|groundside_pavement,groundside,25.25423049262,51.60273039388,0.46,9.0335,,5.092,-10691,-10691
NEW_frozen_only,within_shape,groundside_pavement|groundside_pavement,groundside,25.25422523352,51.60277938274,0.9,8.393,,10.723,-10691,-10691
NEW_frozen_only,within_shape,groundside_pavement|groundside_pavement,groundside,25.27158488260,51.60282372743,0.26,11.2586,,2.309,-11852,-11852
NEW_frozen_only,within_shape,groundside_pavement|groundside_pavement,groundside,25.27154805705,51.60283963442,0.56,8.5253,,6.569,-11852,-11852
NEW_frozen_only,within_shape,service_junction|service_junction,groundside,25.25421352480,51.60292286761,0.23,21.5201,,1.069,-10939,-10939
NEW_frozen_only,within_shape,groundside_pavement|groundside_pavement,groundside,25.25418467751,51.60294525574,0.17,9.7823,,1.738,-10691,-10691
NEW_frozen_only,within_shape,groundside_pavement|groundside_pavement,groundside,25.27202802714,51.60310326127,0.99,11.743,,8.431,-15034,-15034
NEW_frozen_only,within_shape,groundside_pavement|groundside_pavement,groundside,25.27206339883,51.60312566188,0.33,17.5327,,1.882,-15034,-15034
NEW_frozen_only,within_shape,service_junction|service_junction,groundside,25.27170650094,51.60313691087,0.51,26.5868,,1.918,-10703,-10703
NEW_frozen_only,within_shape,service_junction|service_junction,groundside,25.27168737267,51.60324457391,0.69,10.9384,,6.308,-10682,-10682
NEW_frozen_only,within_shape,service_junction|service_junction,groundside,25.27168604273,51.60325415040,0.68,10.3341,,6.58,-10682,-10682
NEW_frozen_only,within_shape,service_junction|service_junction,groundside,25.27171130380,51.60327844899,0.39,18.5075,,2.107,-10683,-10683
NEW_frozen_only,within_shape,junction|junction,airside,25.25444664040,51.60351851372,0.8,1.7155,,46.634,-10088,-10088
NEW_frozen_only,within_shape,service_road|service_road,groundside,25.25395401767,51.60357035674,2.0,8.2983,,24.101,-10087,-10087
NEW_frozen_only,within_shape,groundside_pavement|groundside_pavement,groundside,25.25416569487,51.60402036383,0.95,8.9909,,10.566,-11867,-11867
NEW_frozen_only,within_shape,groundside_pavement|groundside_pavement,groundside,25.25414466928,51.60404213927,1.01,15.8802,,6.36,-11867,-11867
NEW_frozen_only,within_shape,groundside_pavement|groundside_pavement,groundside,25.25415474355,51.60406978139,1.03,8.3333,,12.36,-11867,-11867
NEW_frozen_only,within_shape,groundside_pavement|groundside_pavement,groundside,25.25418847273,51.60405678499,0.94,11.7598,,7.993,-11867,-11867
NEW_frozen_only,within_shape,groundside_pavement|groundside_pavement,groundside,25.25419854699,51.60408442711,0.96,9.617,,9.982,-11867,-11867
NEW_frozen_only,within_shape,groundside_pavement|groundside_pavement,groundside,25.25418052351,51.60406030190,0.94,15.4424,,6.087,-11867,-11867
NEW_frozen_only,within_shape,groundside_pavement|groundside_pavement,groundside,25.25419059778,51.60408794401,0.96,11.2463,,8.536,-11867,-11867
NEW_frozen_only,within_shape,groundside_pavement|groundside_pavement,groundside,25.25419112046,51.60406820951,0.94,11.6933,,8.039,-11867,-11867
NEW_frozen_only,within_shape,groundside_pavement|groundside_pavement,groundside,25.25420119472,51.60409585163,0.96,11.3033,,8.493,-11867,-11867
NEW_frozen_only,within_shape,groundside_pavement|groundside_pavement,groundside,25.25419744937,51.60408491272,0.94,9.5942,,9.798,-11867,-11867
NEW_frozen_only,within_shape,groundside_pavement|groundside_pavement,groundside,25.25419086658,51.60408947506,0.93,10.6454,,8.736,-11867,-11867
NEW_frozen_only,within_shape,groundside_pavement|groundside_pavement,groundside,25.25420752364,51.60411255483,0.96,12.419,,7.73,-11867,-11867
NEW_frozen_only,within_shape,groundside_pavement|groundside_pavement,groundside,25.25420094085,51.60411711718,0.95,15.7387,,6.036,-11867,-11867
NEW_frozen_only,within_shape,groundside_pavement|groundside_pavement,groundside,25.25417990675,51.60413889642,0.74,28.0256,,2.64,-11867,-11867
NEW_frozen_only,within_shape,groundside_pavement|groundside_pavement,groundside,25.27601676493,51.60415630341,0.3,17.129,,1.751,-11859,-11859
NEW_frozen_only,within_shape,groundside_pavement|groundside_pavement,groundside,25.27594761960,51.60417057756,0.3,9.0033,,3.332,-11859,-11859
NEW_frozen_only,within_shape,groundside_pavement|groundside_pavement,groundside,25.27600105966,51.60416324992,0.3,14.8921,,2.014,-11859,-11859
NEW_frozen_only,within_shape,groundside_pavement|groundside_pavement,groundside,25.27596636609,51.60417859503,0.3,15.5371,,1.931,-11859,-11859
NEW_frozen_only,within_shape,groundside_pavement|groundside_pavement,groundside,25.27595265619,51.60418465898,0.3,22.1145,,1.357,-11859,-11859
NEW_frozen_only,within_shape,groundside_pavement|groundside_pavement,groundside,25.27594554185,51.60418780567,0.3,9.7959,,3.062,-11859,-11859
NEW_frozen_only,within_shape,groundside_pavement|groundside_pavement,groundside,25.27585503458,51.60421153960,0.3,9.2967,,3.227,-11859,-11859
NEW_frozen_only,within_shape,groundside_pavement|groundside_pavement,groundside,25.27567221964,51.60429242562,0.3,9.3811,,3.198,-11859,-11859
NEW_frozen_only,within_shape,groundside_pavement|groundside_pavement,groundside,25.27569296703,51.60429952058,0.3,10.8268,,2.771,-11859,-11859
NEW_frozen_only,within_shape,groundside_pavement|groundside_pavement,groundside,25.27567722578,51.60430648300,0.3,29.8915,,1.004,-11859,-11859
NEW_frozen_only,within_shape,groundside_pavement|groundside_pavement,groundside,25.27498200733,51.60459780396,0.3,9.3421,,3.211,-11859,-11859
NEW_frozen_only,within_shape,groundside_pavement|groundside_pavement,groundside,25.27500285600,51.60460475959,0.3,11.0741,,2.709,-11859,-11859
NEW_frozen_only,within_shape,groundside_pavement|groundside_pavement,groundside,25.27498703759,51.60461175614,0.3,27.6747,,1.084,-11859,-11859
NEW_frozen_only,within_shape,groundside_pavement|groundside_pavement,groundside,25.27456727374,51.60478129788,0.3,9.3022,,3.225,-11859,-11859
NEW_frozen_only,within_shape,groundside_pavement|groundside_pavement,groundside,25.27454671897,51.60479039317,0.3,9.7443,,3.079,-11859,-11859
NEW_frozen_only,within_shape,groundside_pavement|groundside_pavement,groundside,25.27457940966,51.60479205170,0.3,10.5141,,2.853,-11859,-11859
NEW_frozen_only,within_shape,groundside_pavement|groundside_pavement,groundside,25.27457244828,51.60479513075,0.3,25.3362,,1.184,-11859,-11859
NEW_frozen_only,within_shape,groundside_pavement|groundside_pavement,groundside,25.27456588638,51.60479803310,0.3,10.8793,,2.758,-11859,-11859
NEW_frozen_only,within_shape,groundside_pavement|groundside_pavement,groundside,25.27455658070,51.60480214903,0.3,11.4471,,2.621,-11859,-11859
NEW_frozen_only,within_shape,groundside_pavement|groundside_pavement,groundside,25.27455001881,51.60480505139,0.3,28.6452,,1.047,-11859,-11859
NEW_frozen_only,within_shape,groundside_pavement|groundside_pavement,groundside,25.27454306254,51.60480812818,0.3,11.0484,,2.715,-11859,-11859
NEW_frozen_only,within_shape,groundside_pavement|groundside_pavement,groundside,25.27435507576,51.60486776707,0.3,18.4764,,1.624,-11859,-11859
NEW_frozen_only,within_shape,groundside_pavement|groundside_pavement,groundside,25.27435948517,51.60488190901,0.3,21.6151,,1.388,-11859,-11859
NEW_frozen_only,within_shape,apron|apron,airside,25.27586268651,51.61361462039,0.42,1.1553,,36.353,-10387,-10387
NEW_frozen_only,within_shape,apron|apron,airside,25.27582210897,51.61363901009,0.56,1.4375,,38.956,-10387,-10387
NEW_frozen_only,within_shape,apron|apron,airside,25.27600331776,51.61367402705,0.35,1.2383,,28.264,-10387,-10387
NEW_frozen_only,within_shape,apron|apron,airside,25.27596274023,51.61369841675,0.49,1.2898,,37.989,-10387,-10387
NEW_frozen_only,within_shape,apron|apron,airside,25.27598045564,51.61367611324,0.42,1.6813,,24.98,-10387,-10387
NEW_frozen_only,within_shape,apron|apron,airside,25.27593987810,51.61370050294,0.56,1.6356,,34.238,-10387,-10387
NEW_frozen_only,within_shape,apron|apron,airside,25.27600875890,51.61367676896,0.35,1.2223,,28.635,-10387,-10387
NEW_frozen_only,within_shape,apron|apron,airside,25.27596818136,51.61370115865,0.49,1.2734,,38.481,-10387,-10387
NEW_frozen_only,within_shape,apron|apron,airside,25.27597349369,51.61368882905,0.42,1.9102,,21.987,-10387,-10387
NEW_frozen_only,within_shape,apron|apron,airside,25.27593291616,51.61371321874,0.56,1.7902,,31.281,-10387,-10387
NEW_frozen_only,within_shape,apron|apron,airside,25.27598806138,51.61369859770,0.33,1.4804,,22.291,-10387,-10387
NEW_frozen_only,within_shape,apron|apron,airside,25.27594748384,51.61372298740,0.47,1.4636,,32.113,-10387,-10387
NEW_frozen_only,within_shape,apron|apron,airside,25.27586521135,51.61363037181,0.61,1.434,,42.538,-10387,-10387
NEW_frozen_only,within_shape,apron|apron,airside,25.27560507596,51.61365217317,0.55,3.2689,,16.825,-10388,-10388
NEW_frozen_only,within_shape,apron|apron,airside,25.27567775892,51.61372250669,0.28,1.3425,,20.857,-10390,-10390
NEW_frozen_only,within_shape,apron|apron,airside,25.27598937521,51.61371214854,0.29,1.4138,,20.512,-10387,-10387
NEW_frozen_only,within_shape,apron|apron,airside,25.27594879767,51.61373653824,0.43,1.4073,,30.555,-10387,-10387
NEW_frozen_only,within_shape,apron|apron,airside,25.27554497866,51.61367770412,0.5,19.4197,,2.575,-10388,-10388
NEW_frozen_only,within_shape,apron|apron,airside,25.27595888697,51.61375058274,0.29,2.8158,,10.299,-10387,-10387
NEW_frozen_only,within_shape,apron|apron,airside,25.27591830943,51.61377497243,0.43,2.0974,,20.501,-10387,-10387
NEW_frozen_only,within_shape,apron|apron,airside,25.27588217804,51.61380691655,0.14,1.3616,,10.282,-10387,-10387
NEW_frozen_only,within_shape,apron|apron,airside,25.27569572523,51.61383943251,0.39,9.2215,,4.229,-10390,-10390
NEW_frozen_only,within_shape,apron|apron,airside,25.27568746073,51.61384345586,0.39,10.3113,,3.782,-10390,-10390
NEW_frozen_only,within_shape,apron|apron,airside,25.27571466071,51.61384590412,0.29,3.4211,,8.477,-10390,-10390
NEW_frozen_only,within_shape,apron|apron,airside,25.27570974330,51.61384771912,0.31,4.0106,,7.729,-10390,-10390
NEW_frozen_only,within_shape,apron|apron,airside,25.27572929594,51.61385929662,0.1,2.2663,,4.413,-10390,-10390
NEW_frozen_only,within_shape,apron|apron,airside,25.27572437853,51.61386111162,0.08,2.2606,,3.539,-10390,-10390
NEW_frozen_only,within_shape,apron|apron,airside,25.27572103145,51.61386331999,0.1,1.6459,,6.076,-10390,-10390
SHARED,drainage_spine,junction|junction,airside,25.26876620514,51.59840653439,0.0,0.0,,5.762,-15075,-15075
SHARED,drainage_spine,runway|runway,airside,25.27669225911,51.61666453622,0.0,0.0,,8.81,-15109,-15109
SHARED,lateral_contiguity,service_junction|service_junction,groundside,25.28432144846,51.60231890064,0.07,8.0,,0.0,-11770,-11770
SHARED,strip_arc,graded_strip|graded_strip,airside,25.28325856770,51.59413154545,0.05,4.3061,,9.252,-11924,-11924
SHARED,transverse,service_junction|service_junction,groundside,25.27155680468,51.60305509550,0.3929,8.004,,4.909,-10654,-10654
SHARED,transverse,service_junction|service_junction,groundside,25.27622487163,51.61330088485,0.3022,4.1511,,7.279,-10808,-10808
SHARED,transverse,service_junction|service_junction,groundside,25.27622487163,51.61330088485,0.3039,4.3312,,7.017,-10808,-10808
SHARED,transverse,service_junction|service_junction,groundside,25.27622487163,51.61330088485,0.2797,3.8991,,7.174,-10808,-10808
SHARED,transverse,service_junction|service_junction,groundside,25.27622487163,51.61330088485,0.2605,3.7574,,6.932,-10808,-10808
SHARED,transverse,service_junction|service_junction,groundside,25.27622487163,51.61330088485,0.3207,4.7513,,6.75,-10808,-10808
SHARED,transverse,service_junction|service_junction,groundside,25.27622487163,51.61330088485,0.3695,5.5696,,6.634,-10808,-10808
SHARED,transverse,service_junction|service_junction,groundside,25.27622487163,51.61330088485,0.5044,7.8776,,6.403,-10808,-10808
SHARED,transverse,service_junction|service_junction,groundside,25.27622487163,51.61330088485,0.7715,11.2714,,6.845,-10808,-10808
SHARED,transverse,service_junction|service_junction,groundside,25.27622487163,51.61330088485,0.3054,4.575,,6.675,-10808,-10808
SHARED,transverse,service_junction|service_junction,groundside,25.27628366954,51.61330491142,0.4619,13.6272,,3.39,-11738,-11738
SHARED,transverse,service_junction|service_junction,groundside,25.27622487163,51.61330088485,0.5461,8.5948,,6.354,-10808,-10808
SHARED,transverse,service_junction|service_junction,groundside,25.27622487163,51.61330088485,0.2541,3.7034,,6.862,-10808,-10808
SHARED,within_shape,service_junction|service_junction,groundside,25.27157958907,51.60280863426,1.54,43.3583,,3.552,-10661,-10661
SHARED,within_shape,service_junction|service_junction,groundside,25.27155407556,51.60283235180,1.61,17.3474,,9.281,-10661,-10661
SHARED,within_shape,groundside_pavement|groundside_pavement,groundside,25.25400203262,51.60312440942,1.09,12.3343,,8.837,-15033,-15033
SHARED,within_shape,groundside_pavement|groundside_pavement,groundside,25.25397761415,51.60320668561,1.46,9.7333,,15.0,-15033,-15033
SHARED,within_shape,groundside_pavement|groundside_pavement,groundside,25.27309056204,51.60321954910,1.02,9.2098,,11.075,-11852,-11852
SHARED,within_shape,groundside_pavement|groundside_pavement,groundside,25.27308083324,51.60323061970,1.0,11.5639,,8.648,-11852,-11852
SHARED,within_shape,groundside_pavement|groundside_pavement,groundside,25.27306667564,51.60323936590,0.98,12.8859,,7.605,-11852,-11852
SHARED,within_shape,junction|junction,airside,25.25422902353,51.60358820230,0.2,5.2372,,3.819,-10088,-10088
SHARED,within_shape,groundside_pavement|groundside_pavement,groundside,25.27944139028,51.60396034352,0.17,26.7759,,0.635,-11844,-11844
SHARED,within_shape,groundside_pavement|groundside_pavement,groundside,25.27948850207,51.60409591581,0.17,12.1875,,1.395,-11844,-11844
SHARED,within_shape,groundside_pavement|groundside_pavement,groundside,25.27586569816,51.60419052213,0.3,11.0629,,2.712,-11859,-11859
SHARED,within_shape,groundside_pavement|groundside_pavement,groundside,25.27585000815,51.60419746619,0.3,28.5498,,1.051,-11859,-11859
SHARED,within_shape,groundside_pavement|groundside_pavement,groundside,25.27584287317,51.60420062398,0.3,10.8624,,2.762,-11859,-11859
SHARED,within_shape,groundside_pavement|groundside_pavement,groundside,25.27583420438,51.60420446059,0.3,10.9527,,2.739,-11859,-11859
SHARED,within_shape,groundside_pavement|groundside_pavement,groundside,25.27582706939,51.60420761837,0.3,29.1818,,1.028,-11859,-11859
SHARED,within_shape,groundside_pavement|groundside_pavement,groundside,25.27581137962,51.60421456232,0.3,10.971,,2.734,-11859,-11859
SHARED,within_shape,groundside_pavement|groundside_pavement,groundside,25.27583212678,51.60422167613,0.3,9.3378,,3.213,-11859,-11859
SHARED,within_shape,groundside_pavement|groundside_pavement,groundside,25.27569557009,51.60426581708,0.3,13.6394,,2.2,-11859,-11859
SHARED,within_shape,groundside_pavement|groundside_pavement,groundside,25.27569203985,51.60426737948,0.3,22.1739,,1.353,-11859,-11859
SHARED,within_shape,groundside_pavement|groundside_pavement,groundside,25.27567471302,51.60427504796,0.3,10.7061,,2.802,-11859,-11859
SHARED,within_shape,groundside_pavement|groundside_pavement,groundside,25.27569546040,51.60428214293,0.3,9.4074,,3.189,-11859,-11859
SHARED,within_shape,groundside_pavement|groundside_pavement,groundside,25.27524620955,51.60449712330,0.3,14.0386,,2.137,-11859,-11859
SHARED,within_shape,groundside_pavement|groundside_pavement,groundside,25.27523041831,51.60450410783,0.3,18.1868,,1.65,-11859,-11859
SHARED,within_shape,groundside_pavement|groundside_pavement,groundside,25.27522338573,51.60450721837,0.3,8.9932,,3.336,-11859,-11859
SHARED,within_shape,groundside_pavement|groundside_pavement,groundside,25.27487763777,51.60462781594,0.3,13.9786,,2.146,-11859,-11859
SHARED,within_shape,groundside_pavement|groundside_pavement,groundside,25.27486195304,51.60463475765,0.3,18.5739,,1.615,-11859,-11859
SHARED,within_shape,groundside_pavement|groundside_pavement,groundside,25.27485481277,51.60463791778,0.3,9.0159,,3.327,-11859,-11859
SHARED,within_shape,groundside_pavement|groundside_pavement,groundside,25.27472756046,51.60471038169,0.3,9.4176,,3.186,-11859,-11859
SHARED,within_shape,groundside_pavement|groundside_pavement,groundside,25.27474841428,51.60471730024,0.3,10.8204,,2.773,-11859,-11859
SHARED,within_shape,groundside_pavement|groundside_pavement,groundside,25.27473256730,51.60472430943,0.3,29.2016,,1.027,-11859,-11859
SHARED,within_shape,groundside_pavement|groundside_pavement,groundside,25.27472559047,51.60472739531,0.3,11.1099,,2.7,-11859,-11859
SHARED,within_shape,groundside_pavement|groundside_pavement,groundside,25.27451069953,51.60479021473,0.3,11.7051,,2.563,-11859,-11859
SHARED,within_shape,groundside_pavement|groundside_pavement,groundside,25.27449501669,51.60479715562,0.3,25.0444,,1.198,-11859,-11859
SHARED,within_shape,groundside_pavement|groundside_pavement,groundside,25.27448787455,51.60480031657,0.3,10.3071,,2.911,-11859,-11859
SHARED,within_shape,groundside_pavement|groundside_pavement,groundside,25.27450000249,51.60481106141,0.3,9.246,,3.245,-11859,-11859
SHARED,within_shape,service_road|service_road,groundside,25.25575356776,51.60796426404,3.88,32.6374,,11.888,-10090,-10090
SHARED,within_shape,groundside_pavement|groundside_pavement,groundside,25.25876756893,51.61323208174,0.44,9.6216,,4.573,-11848,-11848
SHARED,within_shape,groundside_pavement|groundside_pavement,groundside,25.25876292952,51.61323408507,0.44,9.5935,,4.586,-11848,-11848
SHARED,within_shape,groundside_pavement|groundside_pavement,groundside,25.25876878638,51.61323708497,0.44,12.4647,,3.53,-11848,-11848
SHARED,within_shape,groundside_pavement|groundside_pavement,groundside,25.25877077309,51.61324524947,0.44,24.0729,,1.828,-11848,-11848
SHARED,within_shape,groundside_pavement|groundside_pavement,groundside,25.25877198691,51.61325023774,0.44,55.8523,,0.788,-11848,-11848
SHARED,within_shape,groundside_pavement|groundside_pavement,groundside,25.25876926265,51.61325897029,0.44,34.225,,1.286,-11848,-11848
SHARED,within_shape,groundside_pavement|groundside_pavement,groundside,25.25877518747,51.61326339067,0.44,22.5132,,1.954,-11848,-11848
SHARED,within_shape,groundside_pavement|groundside_pavement,groundside,25.25875542860,51.61326507985,0.44,9.8135,,4.484,-11848,-11848
SHARED,within_shape,groundside_pavement|groundside_pavement,groundside,25.25877718119,51.61327158399,0.44,12.0133,,3.663,-11848,-11848
SHARED,within_shape,groundside_pavement|groundside_pavement,groundside,25.25877838803,51.61327654359,0.44,9.3685,,4.697,-11848,-11848
SHARED,within_shape,service_junction|service_junction,groundside,25.27623879442,51.61341934515,0.82,9.2206,,8.893,-10808,-10808
SHARED,within_shape,service_junction|service_junction,groundside,25.27626637270,51.61342699450,1.36,22.446,,6.059,-11738,-11738
SHARED,within_shape,service_junction|service_junction,groundside,25.27625896160,51.61345595276,1.41,11.6356,,12.118,-11738,-11738
SHARED,within_shape,apron|apron,airside,25.27524637500,51.61341677250,0.09,1.6334,,5.51,-10388,-10388
SHARED,within_shape,apron|apron,airside,25.27539614963,51.61356921435,0.45,1.0879,,41.363,-10388,-10388
SHARED,within_shape,service_junction|service_junction,groundside,25.27627807747,51.61344374582,1.36,27.6731,,4.915,-11738,-11738
SHARED,within_shape,service_junction|service_junction,groundside,25.27628053167,51.61348417444,1.41,12.5586,,11.227,-11738,-11738
SHARED,within_shape,apron|apron,airside,25.27573852264,51.61353284366,0.74,3.2952,,22.457,-10388,-10388
SHARED,within_shape,apron|apron,airside,25.27567842535,51.61355837461,0.69,1.9363,,35.635,-10388,-10388
SHARED,within_shape,apron|apron,airside,25.27539009728,51.61359812861,0.39,1.1236,,34.71,-10388,-10388
SHARED,within_shape,apron|apron,airside,25.27536494445,51.61360831120,0.39,1.1488,,33.947,-10388,-10388
SHARED,within_shape,apron|apron,airside,25.27584932983,51.61360705231,0.74,1.8968,,39.014,-10387,-10387
SHARED,within_shape,apron|apron,airside,25.27586389752,51.61361682096,0.65,1.5408,,42.186,-10387,-10387
SHARED,within_shape,apron|apron,airside,25.27590079930,51.61374021839,0.66,1.5588,,42.34,-10387,-10387
SHARED,within_shape,apron|apron,airside,25.27583472310,51.61366880600,0.61,1.6455,,37.071,-10387,-10387
SHARED,within_shape,apron|apron,airside,25.27590211314,51.61375376923,0.62,1.5117,,41.014,-10387,-10387
SHARED,within_shape,apron|apron,airside,25.27553770626,51.61369560949,0.69,10.9033,,6.328,-10388,-10388
SHARED,within_shape,apron|apron,airside,25.27551389891,51.61370689126,0.69,5.9233,,11.649,-10388,-10388
SHARED,within_shape,apron|apron,airside,25.27548874607,51.61371707384,0.69,3.9688,,17.386,-10388,-10388
SHARED,within_shape,apron|apron,airside,25.27552845167,51.61370327833,0.19,4.808,,3.952,-10388,-10388
SHARED,within_shape,apron|apron,airside,25.27550464431,51.61371456009,0.19,2.093,,9.078,-10388,-10388
SHARED,within_shape,apron|apron,airside,25.27547949148,51.61372474268,0.19,1.2823,,14.818,-10388,-10388
SHARED,within_shape,apron|apron,airside,25.27587162490,51.61379220342,0.62,1.9865,,31.21,-10387,-10387
SHARED,within_shape,groundside_pavement|groundside_pavement,groundside,25.25892363689,51.61378535673,0.44,10.2581,,4.289,-11848,-11848
SHARED,within_shape,groundside_pavement|groundside_pavement,groundside,25.25892595617,51.61379171728,0.44,15.1276,,2.909,-11848,-11848
SHARED,within_shape,apron|apron,airside,25.27583549350,51.61382414755,0.33,1.5597,,21.158,-10387,-10387
SHARED,within_shape,groundside_pavement|groundside_pavement,groundside,25.25892757782,51.61379616464,0.44,22.6434,,1.943,-11848,-11848
SHARED,within_shape,groundside_pavement|groundside_pavement,groundside,25.25892856790,51.61379887988,0.44,32.502,,1.354,-11848,-11848
SHARED,within_shape,groundside_pavement|groundside_pavement,groundside,25.25894659230,51.61381459126,0.44,11.0223,,3.992,-11848,-11848
SHARED,within_shape,groundside_pavement|groundside_pavement,groundside,25.25893435028,51.61381473793,0.44,21.0664,,2.089,-11848,-11848
SHARED,within_shape,groundside_pavement|groundside_pavement,groundside,25.25893779052,51.61381647241,0.44,15.9391,,2.761,-11848,-11848
SHARED,within_shape,groundside_pavement|groundside_pavement,groundside,25.25893545044,51.61381775508,0.44,16.0374,,2.744,-11848,-11848
SHARED,within_shape,apron|apron,airside,25.27579491597,51.61384853724,0.19,1.734,,10.957,-10387,-10387
SHARED,within_shape,groundside_pavement|groundside_pavement,groundside,25.25952710575,51.61534587993,0.44,10.4203,,4.223,-11848,-11848
SHARED,within_shape,groundside_pavement|groundside_pavement,groundside,25.25953313366,51.61535777045,0.44,29.7673,,1.478,-11848,-11848
SHARED,within_shape,groundside_pavement|groundside_pavement,groundside,25.25953916152,51.61536966085,0.44,34.7491,,1.266,-11848,-11848
SHARED,within_shape,groundside_pavement|groundside_pavement,groundside,25.25954518945,51.61538155141,0.44,10.9709,,4.011,-11848,-11848
SHARED,within_shape,groundside_pavement|groundside_pavement,groundside,25.25957398372,51.61543835030,0.44,10.5071,,4.188,-11848,-11848
SHARED,within_shape,groundside_pavement|groundside_pavement,groundside,25.25958064600,51.61545149216,0.44,38.1133,,1.154,-11848,-11848
SHARED,within_shape,groundside_pavement|groundside_pavement,groundside,25.25958667384,51.61546338255,0.44,27.6748,,1.59,-11848,-11848
SHARED,within_shape,groundside_pavement|groundside_pavement,groundside,25.25958889712,51.61546768284,0.44,17.0072,,2.587,-11848,-11848
SHARED,within_shape,groundside_pavement|groundside_pavement,groundside,25.25959272789,51.61547532463,0.44,10.1238,,4.346,-11848,-11848
SHARED,within_shape,groundside_pavement|groundside_pavement,groundside,25.25978943661,51.61586334761,0.44,9.1878,,4.789,-11848,-11848
SHARED,within_shape,groundside_pavement|groundside_pavement,groundside,25.25979152288,51.61586746293,0.44,11.4609,,3.839,-11848,-11848
SHARED,within_shape,groundside_pavement|groundside_pavement,groundside,25.25979391158,51.61587217482,0.44,15.9906,,2.752,-11848,-11848
SHARED,within_shape,groundside_pavement|groundside_pavement,groundside,25.25979756448,51.61587938045,0.44,40.4217,,1.089,-11848,-11848
SHARED,within_shape,groundside_pavement|groundside_pavement,groundside,25.25980167782,51.61588749433,0.44,56.1088,,0.784,-11848,-11848
SHARED,within_shape,groundside_pavement|groundside_pavement,groundside,25.25981866759,51.61588760528,0.44,10.4129,,4.226,-11848,-11848
SHARED,within_shape,groundside_pavement|groundside_pavement,groundside,25.25981713205,51.61588992169,0.44,11.0001,,4.0,-11848,-11848
SHARED,within_shape,groundside_pavement|groundside_pavement,groundside,25.25980390543,51.61589188845,0.44,24.4666,,1.798,-11848,-11848
SHARED,within_shape,groundside_pavement|groundside_pavement,groundside,25.25980740851,51.61589879855,0.44,12.9669,,3.393,-11848,-11848
SHARED,within_shape,groundside_pavement|groundside_pavement,groundside,25.25980907496,51.61590208574,0.44,10.5974,,4.152,-11848,-11848
